EmailType,PersonID,SupplierID,EmailAddress,SupplierType,Supplier
Main,,1.0,abrill0@ftc.gov,Leathershoes,PrimeShoes
Main,,2.0,pyukhnin1@csmonitor.com,Leathershoes,Footwear Designs
Main,,3.0,gdumberrill2@shareasale.com,Leathershoes,ShoeMakers Inc.
Main,,4.0,owhatham3@linkedin.com,Leathershoes,LeatherCo
Main,,5.0,vokennavain4@soup.io,Leathershoes,Elegant Leather
Main,,6.0,abelloch5@i2i.jp,Delivery,FEDEX
Main,,7.0,cgrevel6@uol.com.br,Delivery,UPS
Main,,8.0,farnatt7@hc360.com,Delivery,DHL
Main,,9.0,sspick8@opensource.org,Delivery,Post
Main,,10.0,jmccome9@mapquest.com,Others,Stanley
Main,,11.0,lpilkintona@cafepress.com,Flight,AA
Main,,12.0,obroomb@imageshack.us,Flight,UA
Main,,13.0,sgaythorpec@comcast.net,Flight,DELTA
Main,,14.0,cmerceyd@php.net,Others,Fanyong
Main,,15.0,rhaneye@dailymail.co.uk,Others,Agent Tech
Main,1.0,,jpuleston0@flavors.me,,
Main,2.0,,hchastenet1@sbwire.com,,
Main,3.0,,tboatwright2@youtu.be,,
Main,4.0,,vepine3@oakley.com,,
Main,5.0,,gsolley4@yelp.com,,
Main,6.0,,ccanwell5@skyrock.com,,
Main,7.0,,cwarratt6@jugem.jp,,
Main,8.0,,zmalloy7@goo.gl,,
Main,9.0,,nsandiland8@barnesandnoble.com,,
Main,10.0,,calvarado9@washingtonpost.com,,
Main,11.0,,fmoreinga@redcross.org,,
Main,12.0,,lgritsunovb@blogs.com,,
Main,13.0,,dcreesc@ning.com,,
Main,14.0,,rreesond@about.com,,
Main,15.0,,gridgewelle@infoseek.co.jp,,
Main,16.0,,hcapnerf@walmart.com,,
Main,17.0,,snutterg@usnews.com,,
Main,18.0,,gwolfendellh@who.int,,
Main,19.0,,abracchii@chicagotribune.com,,
Main,20.0,,chunnisettj@free.fr,,
Main,21.0,,espawellk@europa.eu,,
Main,22.0,,sdoreyl@godaddy.com,,
Main,23.0,,cwaplingtonm@eepurl.com,,
Main,24.0,,fbrookingn@tinypic.com,,
Main,25.0,,wwillingamo@cocolog-nifty.com,,
Main,26.0,,pmurrellsp@seattletimes.com,,
Main,27.0,,ashepstoneq@nasa.gov,,
Main,28.0,,ibendr@live.com,,
Main,29.0,,csabbans@lycos.com,,
Main,30.0,,delfleett@yandex.ru,,
Main,31.0,,mdeussu@miitbeian.gov.cn,,
Main,32.0,,mravelusv@geocities.com,,
Main,33.0,,nmilleaw@yelp.com,,
Main,34.0,,elongbothomx@merriam-webster.com,,
Main,35.0,,rcoarey@reference.com,,
Main,36.0,,sdeadmanz@google.es,,
Main,37.0,,cagar10@eventbrite.com,,
Main,38.0,,nloftie11@newyorker.com,,
Main,39.0,,valdred12@hc360.com,,
Main,40.0,,cgonin13@newyorker.com,,
Main,41.0,,lreuss14@theguardian.com,,
Main,42.0,,sdemicoli15@china.com.cn,,
Main,43.0,,jneward16@woothemes.com,,
Main,44.0,,hedgson17@goodreads.com,,
Main,45.0,,avanson18@blog.com,,
Main,46.0,,novitz19@ucsd.edu,,
Main,47.0,,cmcgall1a@goodreads.com,,
Main,48.0,,hpoulson1b@jigsy.com,,
Main,49.0,,vmowsley1c@netvibes.com,,
Main,50.0,,akedslie1d@sourceforge.net,,
Main,51.0,,wgirling1e@unesco.org,,
Main,52.0,,oshippard1f@opera.com,,
Main,53.0,,rscain1g@nyu.edu,,
Main,54.0,,awoodgate1h@infoseek.co.jp,,
Main,55.0,,dbadrock1i@mozilla.org,,
Main,56.0,,dharesnape1j@amazon.com,,
Main,57.0,,lrack1k@storify.com,,
Main,58.0,,nbernardon1l@infoseek.co.jp,,
Main,59.0,,acammish1m@amazon.co.jp,,
Main,60.0,,bhyland1n@dedecms.com,,
Main,61.0,,bfoy1o@bigcartel.com,,
Main,62.0,,mdensie1p@printfriendly.com,,
Main,63.0,,rschelle1q@de.vu,,
Main,64.0,,gpepperell1r@icio.us,,
Main,65.0,,ggalego1s@github.com,,
Main,66.0,,vrenahan1t@about.me,,
Main,67.0,,mtapner1u@upenn.edu,,
Main,68.0,,ltutchings1v@fema.gov,,
Main,69.0,,pfeuell1w@oakley.com,,
Main,70.0,,fizak1x@uol.com.br,,
Main,71.0,,ssturch1y@woothemes.com,,
Main,72.0,,crobertshaw1z@bbb.org,,
Main,73.0,,lvanini20@soundcloud.com,,
Main,74.0,,aortell21@cbc.ca,,
Main,75.0,,gerridge22@instagram.com,,
Main,76.0,,tfludder23@alexa.com,,
Main,77.0,,ghector24@dedecms.com,,
Main,78.0,,cattarge25@sourceforge.net,,
Main,79.0,,amasters26@360.cn,,
Main,80.0,,lcowden27@youtu.be,,
Main,81.0,,sdyball28@wordpress.org,,
Main,82.0,,weverwin29@livejournal.com,,
Main,83.0,,kmaccleay2a@blogspot.com,,
Main,84.0,,nfoy2b@usda.gov,,
Main,85.0,,ebrendeke2c@homestead.com,,
Main,86.0,,beves2d@tiny.cc,,
Main,87.0,,bgrastye2e@opensource.org,,
Main,88.0,,chuller2f@mit.edu,,
Main,89.0,,kspiniello2g@imgur.com,,
Main,90.0,,amckeown2h@nytimes.com,,
Main,91.0,,erevening2i@google.de,,
Main,92.0,,tmangeon2j@multiply.com,,
Main,93.0,,cyaldren2k@exblog.jp,,
Main,94.0,,lhay2l@yale.edu,,
Main,95.0,,wbletso2m@wikimedia.org,,
Main,96.0,,mkubera2n@deviantart.com,,
Main,97.0,,cferrarotti2o@xinhuanet.com,,
Main,98.0,,mevers2p@github.com,,
Main,99.0,,unichol2q@shareasale.com,,
Main,100.0,,cmuddiman2r@howstuffworks.com,,
Main,101.0,,emcconnachie2s@skyrock.com,,
Main,102.0,,mfernley2t@ft.com,,
Main,103.0,,rthunnercliff2u@goodreads.com,,
Main,104.0,,franyard2v@stanford.edu,,
Main,105.0,,vwhyberd2w@ft.com,,
Main,106.0,,syalden2x@apache.org,,
Main,107.0,,amassei2y@timesonline.co.uk,,
Main,108.0,,csculpher2z@alibaba.com,,
Main,109.0,,dsouch30@etsy.com,,
Main,110.0,,hphiller31@sakura.ne.jp,,
Main,111.0,,wdunsleve32@jimdo.com,,
Main,112.0,,ndoyley33@ycombinator.com,,
Main,113.0,,rshale34@mediafire.com,,
Main,114.0,,bgyenes35@over-blog.com,,
Main,115.0,,dspight36@webmd.com,,
Main,116.0,,astoppard37@sitemeter.com,,
Main,117.0,,ddittson38@cnbc.com,,
Main,118.0,,lseabourne39@twitter.com,,
Main,119.0,,lheyworth3a@so-net.ne.jp,,
Main,120.0,,ehens3b@plala.or.jp,,
Main,121.0,,cleyrroyd3c@printfriendly.com,,
Main,122.0,,dstlouis3d@issuu.com,,
Main,123.0,,dvanoort3e@mlb.com,,
Main,124.0,,dblenkhorn3f@bigcartel.com,,
Main,125.0,,ajevons3g@businessinsider.com,,
Main,126.0,,hleynham3h@a8.net,,
Main,127.0,,cclemencet3i@amazonaws.com,,
Main,128.0,,jbirkenshaw3j@ow.ly,,
Main,129.0,,lluberti3k@state.gov,,
Main,130.0,,nmeasham3l@zimbio.com,,
Main,131.0,,jaltree3m@studiopress.com,,
Main,132.0,,mgidden3n@blogtalkradio.com,,
Main,133.0,,oscoon3o@prnewswire.com,,
Main,134.0,,zhackworth3p@cbc.ca,,
Main,135.0,,rstraffon3q@chicagotribune.com,,
Main,136.0,,agrimditch3r@ehow.com,,
Main,137.0,,mhaggarth3s@simplemachines.org,,
Main,138.0,,dschulz3t@nytimes.com,,
Main,139.0,,lscotchmer3u@tuttocitta.it,,
Main,140.0,,jpull3v@trellian.com,,
Main,141.0,,bcherrington3w@fc2.com,,
Main,142.0,,gderx3x@washington.edu,,
Main,143.0,,kshatford3y@miitbeian.gov.cn,,
Main,144.0,,bbrearton3z@vk.com,,
Main,145.0,,lsmaridge40@exblog.jp,,
Main,146.0,,ktonna41@delicious.com,,
Main,147.0,,ngossan42@shutterfly.com,,
Main,148.0,,cloughlan43@sourceforge.net,,
Main,149.0,,rshord44@yellowpages.com,,
Main,150.0,,jtinklin45@bloomberg.com,,
Main,151.0,,cbritland46@thetimes.co.uk,,
Main,152.0,,jbrunelli47@topsy.com,,
Main,153.0,,rbacksal48@github.com,,
Main,154.0,,tloughnan49@blogtalkradio.com,,
Main,155.0,,rdeares4a@slideshare.net,,
Main,156.0,,rboobier4b@wikispaces.com,,
Main,157.0,,sgribben4c@amazonaws.com,,
Main,158.0,,cslott4d@cafepress.com,,
Main,159.0,,ssandifer4e@sogou.com,,
Main,160.0,,eyablsley4f@virginia.edu,,
Main,161.0,,mbosket4g@oakley.com,,
Main,162.0,,jportugal4h@seattletimes.com,,
Main,163.0,,fespinho4i@time.com,,
Main,164.0,,knewarte4j@feedburner.com,,
Main,165.0,,jhastilow4k@rediff.com,,
Main,166.0,,tarnaez4l@sfgate.com,,
Main,167.0,,becclesall4m@prlog.org,,
Main,168.0,,irouke4n@mozilla.org,,
Main,169.0,,nwinspire4o@altervista.org,,
Main,170.0,,dsallinger4p@bbc.co.uk,,
Main,171.0,,qskyner4q@skyrock.com,,
Main,172.0,,bmackey4r@spiegel.de,,
Main,173.0,,cmorrow4s@slideshare.net,,
Main,174.0,,mclampe4t@imdb.com,,
Main,175.0,,klangridge4u@dot.gov,,
Main,176.0,,pbussell4v@java.com,,
Main,177.0,,njanos4w@fastcompany.com,,
Main,178.0,,uprestland4x@e-recht24.de,,
Main,179.0,,eleeburne4y@eepurl.com,,
Main,180.0,,lcoling4z@reuters.com,,
Main,181.0,,jmilius50@cocolog-nifty.com,,
Main,182.0,,rkoenraad51@seesaa.net,,
Main,183.0,,dneylon52@intel.com,,
Main,184.0,,pbeynon53@mtv.com,,
Main,185.0,,amurdy54@ihg.com,,
Main,186.0,,acuttelar55@sogou.com,,
Main,187.0,,tdod56@w3.org,,
Main,188.0,,rnormanvill57@walmart.com,,
Main,189.0,,aelcocks58@gov.uk,,
Main,190.0,,fgovier59@forbes.com,,
Main,191.0,,aelsley5a@cbsnews.com,,
Main,192.0,,wproback5b@paginegialle.it,,
Main,193.0,,mworpole5c@virginia.edu,,
Main,194.0,,jtotaro5d@is.gd,,
Main,195.0,,schampagne5e@weather.com,,
Main,196.0,,mmateuszczyk5f@icio.us,,
Main,197.0,,gtickel5g@nifty.com,,
Main,198.0,,kbonafacino5h@mac.com,,
Main,199.0,,rizakoff5i@blog.com,,
Main,200.0,,fspikeings5j@irs.gov,,
Main,201.0,,wbatram5k@e-recht24.de,,
Main,202.0,,vbrunetti5l@weibo.com,,
Main,203.0,,lmacalpin5m@cnet.com,,
Main,204.0,,abendall5n@ameblo.jp,,
Main,205.0,,sfitzgeorge5o@ucoz.ru,,
Main,206.0,,dmaddern5p@instagram.com,,
Main,207.0,,mdepaoli5q@oakley.com,,
Main,208.0,,nhixson5r@yahoo.com,,
Main,209.0,,vmaciunas5s@wikipedia.org,,
Main,210.0,,zpyvis5t@phoca.cz,,
Main,211.0,,skimber5u@feedburner.com,,
Main,212.0,,enaulty5v@imgur.com,,
Main,213.0,,lgreensite5w@icq.com,,
Main,214.0,,bgepson5x@bloglines.com,,
Main,215.0,,eybarra5y@nyu.edu,,
Main,216.0,,kklemps5z@tamu.edu,,
Main,217.0,,kraimbauld60@topsy.com,,
Main,218.0,,rglendenning61@multiply.com,,
Main,219.0,,ajeger62@webs.com,,
Main,220.0,,emahomet63@creativecommons.org,,
Main,221.0,,jgrzegorzewicz64@mysql.com,,
Main,222.0,,klockhart65@statcounter.com,,
Main,223.0,,tellerman66@nifty.com,,
Main,224.0,,mnitti67@cocolog-nifty.com,,
Main,225.0,,rmacfaell68@about.me,,
Main,226.0,,drehn69@soup.io,,
Main,227.0,,dwhitter6a@jalbum.net,,
Main,228.0,,mcoghlan6b@aol.com,,
Main,229.0,,pscade6c@kickstarter.com,,
Main,230.0,,ematys6d@hhs.gov,,
Main,231.0,,nerangy6e@yahoo.com,,
Main,232.0,,rfullerton6f@washington.edu,,
Main,233.0,,awarland6g@umich.edu,,
Main,234.0,,dparminter6h@hexun.com,,
Main,235.0,,tdaenen6i@springer.com,,
Main,236.0,,eewebank6j@taobao.com,,
Main,237.0,,mnealand6k@reverbnation.com,,
Main,238.0,,gstearn6l@fda.gov,,
Main,239.0,,esandes6m@hud.gov,,
Main,240.0,,pbovaird6n@bing.com,,
Main,241.0,,aknowles6o@upenn.edu,,
Main,242.0,,gmonte6p@weather.com,,
Main,243.0,,atrumpeter6q@squidoo.com,,
Main,244.0,,mjellybrand6r@ucla.edu,,
Main,245.0,,hgabites6s@vimeo.com,,
Main,246.0,,vheasman6t@blogger.com,,
Main,247.0,,dmalin6u@hc360.com,,
Main,248.0,,bbisatt6v@jiathis.com,,
Main,249.0,,shydechambers6w@weather.com,,
Main,250.0,,vtidmarsh6x@nymag.com,,
Main,251.0,,tgiacomucci6y@home.pl,,
Main,252.0,,craeburn6z@vinaora.com,,
Main,253.0,,rlatour70@census.gov,,
Main,254.0,,nfidgett71@state.gov,,
Main,255.0,,vbarrows72@wsj.com,,
Main,256.0,,sgrinnikov73@over-blog.com,,
Main,257.0,,rluparti74@smh.com.au,,
Main,258.0,,gwickman75@dyndns.org,,
Main,259.0,,kburrel76@github.com,,
Main,260.0,,alampke77@earthlink.net,,
Main,261.0,,triccio78@jalbum.net,,
Main,262.0,,rkahn79@php.net,,
Main,263.0,,vstormouth7a@nps.gov,,
Main,264.0,,mharroll7b@t-online.de,,
Main,265.0,,xtunmore7c@ustream.tv,,
Main,266.0,,dgoodhew7d@examiner.com,,
Main,267.0,,arandell7e@oracle.com,,
Main,268.0,,rpengelly7f@wisc.edu,,
Main,269.0,,rhellmer7g@geocities.com,,
Main,270.0,,ncoalbran7h@patch.com,,
Main,271.0,,rzambon7i@dell.com,,
Main,272.0,,rpoxon7j@imageshack.us,,
Main,273.0,,govey7k@godaddy.com,,
Main,274.0,,aderx7l@ihg.com,,
Main,275.0,,cjudd7m@wunderground.com,,
Main,276.0,,ahollebon7n@issuu.com,,
Main,277.0,,bcarreyette7o@ucoz.com,,
Main,278.0,,qseide7p@admin.ch,,
Main,279.0,,zcull7q@altervista.org,,
Main,280.0,,mseamans7r@ezinearticles.com,,
Main,281.0,,ewinwright7s@creativecommons.org,,
Main,282.0,,adoy7t@bbb.org,,
Main,283.0,,growswell7u@bbc.co.uk,,
Main,284.0,,cstaddon7v@csmonitor.com,,
Main,285.0,,sharberer7w@skype.com,,
Main,286.0,,mickeringill7x@indiegogo.com,,
Main,287.0,,tvasin7y@earthlink.net,,
Main,288.0,,opitbladdo7z@sbwire.com,,
Main,289.0,,rmarcos80@cbsnews.com,,
Main,290.0,,wgrassick81@mysql.com,,
Main,291.0,,wpresho82@craigslist.org,,
Main,292.0,,ogyer83@fc2.com,,
Main,293.0,,jtrudgeon84@ow.ly,,
Main,294.0,,wsurpliss85@harvard.edu,,
Main,295.0,,sgraeser86@google.co.uk,,
Main,296.0,,wcuolahan87@google.de,,
Main,297.0,,glantaph88@wp.com,,
Main,298.0,,dcarrett89@twitpic.com,,
Main,299.0,,mkonzelmann8a@yellowpages.com,,
Main,300.0,,hrosindill8b@noaa.gov,,
Main,301.0,,scalltone8c@simplemachines.org,,
Main,302.0,,tflaonier8d@hp.com,,
Main,303.0,,egutans8e@cam.ac.uk,,
Main,304.0,,mblazej8f@businesswire.com,,
Main,305.0,,cjanway8g@is.gd,,
Main,306.0,,kgoulbourn8h@google.it,,
Main,307.0,,zanshell8i@house.gov,,
Main,308.0,,mjacobson8j@hhs.gov,,
Main,309.0,,wocorhane8k@dagondesign.com,,
Main,310.0,,srockliffe8l@github.com,,
Main,311.0,,pclewett8m@google.co.uk,,
Main,312.0,,wfeltham8n@unicef.org,,
Main,313.0,,mcayford8o@live.com,,
Main,314.0,,gsacaze8p@techcrunch.com,,
Main,315.0,,lpedgrift8q@free.fr,,
Main,316.0,,etregonna8r@mlb.com,,
Main,317.0,,tscholz8s@angelfire.com,,
Main,318.0,,rtrusler8t@hud.gov,,
Main,319.0,,ljeggo8u@fastcompany.com,,
Main,320.0,,bdifranceshci8v@hud.gov,,
Main,321.0,,jrhodus8w@nbcnews.com,,
Main,322.0,,htoohey8x@jugem.jp,,
Main,323.0,,rvirgo8y@icio.us,,
Main,324.0,,ajefford8z@cdc.gov,,
Main,325.0,,klerigo90@blogs.com,,
Main,326.0,,crapinett91@soundcloud.com,,
Main,327.0,,kmactimpany92@vimeo.com,,
Main,328.0,,qmessenger93@theguardian.com,,
Main,329.0,,aoscannill94@hibu.com,,
Main,330.0,,mmatushenko95@alibaba.com,,
Main,331.0,,mmarr96@freewebs.com,,
Main,332.0,,kriddiford97@dedecms.com,,
Main,333.0,,hwistance98@soup.io,,
Main,334.0,,mdamarell99@microsoft.com,,
Main,335.0,,tcairns9a@china.com.cn,,
Main,336.0,,nisted9b@51.la,,
Main,337.0,,esteers9c@slideshare.net,,
Main,338.0,,srex9d@naver.com,,
Main,339.0,,wfaltskog9e@seattletimes.com,,
Main,340.0,,hmctague9f@bloomberg.com,,
Main,341.0,,gbuckett9g@icq.com,,
Main,342.0,,cpinnock9h@theatlantic.com,,
Main,343.0,,panstice9i@google.cn,,
Main,344.0,,edono9j@xinhuanet.com,,
Main,345.0,,eelwell9k@etsy.com,,
Main,346.0,,aboyde9l@multiply.com,,
Main,347.0,,acomusso9m@webmd.com,,
Main,348.0,,holcot9n@woothemes.com,,
Main,349.0,,belcock9o@topsy.com,,
Main,350.0,,wrudd9p@51.la,,
Main,351.0,,kskypp9q@slideshare.net,,
Main,352.0,,lbushel9r@ifeng.com,,
Main,353.0,,gfish9s@miitbeian.gov.cn,,
Main,354.0,,jstampfer9t@vistaprint.com,,
Main,355.0,,tpuncher9u@google.com.hk,,
Main,356.0,,rcalyton9v@mediafire.com,,
Main,357.0,,amaides9w@barnesandnoble.com,,
Main,358.0,,mhallt9x@elegantthemes.com,,
Main,359.0,,ileyborne9y@goo.gl,,
Main,360.0,,cmuzzall9z@huffingtonpost.com,,
Main,361.0,,ahowela0@pbs.org,,
Main,362.0,,mbolderstonea1@slideshare.net,,
Main,363.0,,gpauleita2@hostgator.com,,
Main,364.0,,tinda3@marriott.com,,
Main,365.0,,ktilbrooka4@berkeley.edu,,
Main,366.0,,cdodmana5@youtube.com,,
Main,367.0,,nplumea6@sohu.com,,
Main,368.0,,stroctora7@usa.gov,,
Main,369.0,,ckearleya8@tinyurl.com,,
Main,370.0,,hfontaneta9@salon.com,,
Main,371.0,,bhuncoteaa@livejournal.com,,
Main,372.0,,bkinceyab@gravatar.com,,
Main,373.0,,lcolliholeac@ucoz.com,,
Main,374.0,,jmaccurtainad@google.it,,
Main,375.0,,kbearfootae@desdev.cn,,
Main,376.0,,emclucasaf@google.fr,,
Main,377.0,,sgallgherag@booking.com,,
Main,378.0,,estockleah@deviantart.com,,
Main,379.0,,rmankorai@discuz.net,,
Main,380.0,,sohannayaj@t.co,,
Main,381.0,,tlongbothomak@apache.org,,
Main,382.0,,ncoeyal@miibeian.gov.cn,,
Main,383.0,,mmartinoam@java.com,,
Main,384.0,,ktomean@topsy.com,,
Main,385.0,,smuslimao@hatena.ne.jp,,
Main,386.0,,hkonzelap@51.la,,
Main,387.0,,dsegoaq@feedburner.com,,
Main,388.0,,afallowesar@buzzfeed.com,,
Main,389.0,,ygraveneras@twitter.com,,
Main,390.0,,cburtenshawat@altervista.org,,
Main,391.0,,qperreeau@shareasale.com,,
Main,392.0,,sgeraudyav@fotki.com,,
Main,393.0,,tugoliniaw@nifty.com,,
Main,394.0,,tcockax@house.gov,,
Main,395.0,,cfancuttay@twitpic.com,,
Main,396.0,,riacomiaz@geocities.com,,
Main,397.0,,vdorrellb0@indiatimes.com,,
Main,398.0,,kabelesb1@mlb.com,,
Main,399.0,,dmelhuishb2@wsj.com,,
Main,400.0,,mmcilhattonb3@goo.ne.jp,,
Main,401.0,,cgosbyb4@google.it,,
Main,402.0,,idispencerb5@cdbaby.com,,
Main,403.0,,gedelb6@addthis.com,,
Main,404.0,,cbeaganb7@google.co.jp,,
Main,405.0,,gmccorkellb8@columbia.edu,,
Main,406.0,,lhallattb9@ebay.com,,
Main,407.0,,spendryba@wikispaces.com,,
Main,408.0,,giacominibb@4shared.com,,
Main,409.0,,tshilvockbc@oracle.com,,
Main,410.0,,hmationbd@domainmarket.com,,
Main,411.0,,rkeyhoebe@nba.com,,
Main,412.0,,hnowickbf@hostgator.com,,
Main,413.0,,emorrelbg@latimes.com,,
Main,414.0,,ewillersonbh@e-recht24.de,,
Main,415.0,,hwabersinkebi@naver.com,,
Main,416.0,,dheasemanbj@pbs.org,,
Main,417.0,,pziemenbk@bluehost.com,,
Main,418.0,,vgwinnellbl@google.com.hk,,
Main,419.0,,imoulsdallbm@mac.com,,
Main,420.0,,tdavleybn@reference.com,,
Main,421.0,,sjopsonbo@unblog.fr,,
Main,422.0,,femanuellibp@unblog.fr,,
Main,423.0,,tlongbq@weebly.com,,
Main,424.0,,zgriggsbr@seattletimes.com,,
Main,425.0,,fpallaskebs@mediafire.com,,
Main,426.0,,mcoffeebt@arstechnica.com,,
Main,427.0,,bbruynsbu@bbc.co.uk,,
Main,428.0,,bdaymentbv@canalblog.com,,
Main,429.0,,ccansdallbw@upenn.edu,,
Main,430.0,,bganebx@webs.com,,
Main,431.0,,jkenneaby@mayoclinic.com,,
Main,432.0,,gwettonbz@cbc.ca,,
Main,433.0,,teberlec0@google.ca,,
Main,434.0,,mkirmanc1@uiuc.edu,,
Main,435.0,,myvesc2@usatoday.com,,
Main,436.0,,bbidgodc3@nsw.gov.au,,
Main,437.0,,wdoncasterc4@gov.uk,,
Main,438.0,,bpurselowc5@house.gov,,
Main,439.0,,apietronc6@vinaora.com,,
Main,440.0,,zcrollc7@storify.com,,
Main,441.0,,klinnemannc8@mtv.com,,
Main,442.0,,jmacgebenayc9@ft.com,,
Main,443.0,,sstpaulca@netscape.com,,
Main,444.0,,azupacb@elpais.com,,
Main,445.0,,sbrierlycc@gravatar.com,,
Main,446.0,,eclappsoncd@weather.com,,
Main,447.0,,acotgrovece@state.tx.us,,
Main,448.0,,dartoncf@qq.com,,
Main,449.0,,gdahlbackcg@vistaprint.com,,
Main,450.0,,islaughterch@squidoo.com,,
Main,451.0,,cmartlandci@gravatar.com,,
Main,452.0,,ryakushkincj@vistaprint.com,,
Main,453.0,,nmunslowck@spotify.com,,
Main,454.0,,edenialcl@yahoo.com,,
Main,455.0,,cfreundcm@boston.com,,
Main,456.0,,dpinkstonecn@tinypic.com,,
Main,457.0,,jchisolmco@symantec.com,,
Main,458.0,,cboatcp@businessweek.com,,
Main,459.0,,wkingmancq@mapquest.com,,
Main,460.0,,mendrizzicr@mozilla.com,,
Main,461.0,,nnekrewscs@census.gov,,
Main,462.0,,gheersmact@behance.net,,
Main,463.0,,cbrettcu@blogs.com,,
Main,464.0,,smulqueencv@blinklist.com,,
Main,465.0,,adrummercw@utexas.edu,,
Main,466.0,,mgallahercx@cnet.com,,
Main,467.0,,boffercy@exblog.jp,,
Main,468.0,,hgullivancz@yelp.com,,
Main,469.0,,ogerretsend0@studiopress.com,,
Main,470.0,,csouchd1@icq.com,,
Main,471.0,,grenackownad2@clickbank.net,,
Main,472.0,,dbottbyd3@columbia.edu,,
Main,473.0,,sgainsborod4@usgs.gov,,
Main,474.0,,gduerd5@google.fr,,
Main,475.0,,bgirked6@delicious.com,,
Main,476.0,,gkindond7@digg.com,,
Main,477.0,,gdenricod8@myspace.com,,
Main,478.0,,gnultyd9@yellowbook.com,,
Main,479.0,,sspenleyda@nature.com,,
Main,480.0,,lcubuzzidb@booking.com,,
Main,481.0,,rspinnacedc@ucla.edu,,
Main,482.0,,cdickendd@google.de,,
Main,483.0,,mshervingtonde@mashable.com,,
Main,484.0,,tgrigsondf@ted.com,,
Main,485.0,,spendrickdg@slate.com,,
Main,486.0,,bblencoedh@booking.com,,
Main,487.0,,cmirrleesdi@soup.io,,
Main,488.0,,abullusdj@typepad.com,,
Main,489.0,,ljerromedk@soundcloud.com,,
Main,490.0,,pmorchdl@biglobe.ne.jp,,
Main,491.0,,fwaterstonedm@is.gd,,
Main,492.0,,mmustondn@hugedomains.com,,
Main,493.0,,hmyringdo@psu.edu,,
Main,494.0,,zdivelldp@seattletimes.com,,
Main,495.0,,iguirarddq@hubpages.com,,
Main,496.0,,sseverndr@amazon.com,,
Main,497.0,,ckalinskyds@flickr.com,,
Main,498.0,,sphilsondt@howstuffworks.com,,
Main,499.0,,cclapshawdu@foxnews.com,,
Main,500.0,,dcomardv@tamu.edu,,
Main,501.0,,kfurberdw@cornell.edu,,
Main,502.0,,lkleinbaumdx@marriott.com,,
Main,503.0,,stimothydy@unblog.fr,,
Main,504.0,,lbelindz@huffingtonpost.com,,
Main,505.0,,bgamline0@jiathis.com,,
Main,506.0,,rcarlislee1@wikipedia.org,,
Main,507.0,,meliee2@themeforest.net,,
Main,508.0,,psartine3@geocities.com,,
Main,509.0,,cduggone4@usatoday.com,,
Main,510.0,,badele5@zdnet.com,,
Main,511.0,,ascoone6@umn.edu,,
Main,512.0,,birdalee7@vimeo.com,,
Main,513.0,,cpurdone8@un.org,,
Main,514.0,,ereasone9@prnewswire.com,,
Main,515.0,,jgutowskaea@utexas.edu,,
Main,516.0,,tjordineeb@nbcnews.com,,
Main,517.0,,jkeplingec@cdc.gov,,
Main,518.0,,wpetrescued@myspace.com,,
Main,519.0,,kbrundrettee@xinhuanet.com,,
Main,520.0,,zscottsef@squarespace.com,,
Main,521.0,,jlongmeadeg@google.com.br,,
Main,522.0,,hodohertyeh@multiply.com,,
Main,523.0,,gdameiseleei@pagesperso-orange.fr,,
Main,524.0,,psnedkerej@answers.com,,
Main,525.0,,amenguyek@wordpress.com,,
Main,526.0,,gdidballel@printfriendly.com,,
Main,527.0,,tbreznovicem@buzzfeed.com,,
Main,528.0,,lbuffhamen@ihg.com,,
Main,529.0,,bclokeeo@ft.com,,
Main,530.0,,nmoyleep@guardian.co.uk,,
Main,531.0,,dtennanteq@irs.gov,,
Main,532.0,,hharbisherer@icq.com,,
Main,533.0,,fhueyes@acquirethisname.com,,
Main,534.0,,mstranaghanet@mayoclinic.com,,
Main,535.0,,vbristoweu@woothemes.com,,
Main,536.0,,lsindleev@chron.com,,
Main,537.0,,rhameew@scientificamerican.com,,
Main,538.0,,whulcoopex@i2i.jp,,
Main,539.0,,csoamesey@fotki.com,,
Main,540.0,,msibunez@disqus.com,,
Main,541.0,,dclendennenf0@umich.edu,,
Main,542.0,,arodgersonf1@home.pl,,
Main,543.0,,ldudingf2@netvibes.com,,
Main,544.0,,blustedf3@ucsd.edu,,
Main,545.0,,rbarochf4@weather.com,,
Main,546.0,,ayukhnovf5@etsy.com,,
Main,547.0,,rshillinglawf6@freewebs.com,,
Main,548.0,,ahousleyf7@si.edu,,
Main,549.0,,jbernuzzif8@free.fr,,
Main,550.0,,kdambrogif9@businessweek.com,,
Main,551.0,,atompkinsonfa@smugmug.com,,
Main,552.0,,rdetocquevillefb@tmall.com,,
Main,553.0,,sblundonfc@marriott.com,,
Main,554.0,,dhowattfd@icio.us,,
Main,555.0,,ahousenfe@washingtonpost.com,,
Main,556.0,,egreasleyff@geocities.jp,,
Main,557.0,,slefriecfg@about.com,,
Main,558.0,,btuckwoodfh@pbs.org,,
Main,559.0,,gjankovicfi@boston.com,,
Main,560.0,,mcheakefj@storify.com,,
Main,561.0,,cmeenanfk@dailymotion.com,,
Main,562.0,,dkernarfl@yale.edu,,
Main,563.0,,dbasketterfm@apache.org,,
Main,564.0,,jlemmensfn@prlog.org,,
Main,565.0,,amosedillfo@tinypic.com,,
Main,566.0,,bgrangefp@nationalgeographic.com,,
Main,567.0,,edelicatefq@yahoo.co.jp,,
Main,568.0,,agoultfr@icq.com,,
Main,569.0,,wrestorickfs@imdb.com,,
Main,570.0,,tmiccoft@google.com,,
Main,571.0,,jillstonfu@dmoz.org,,
Main,572.0,,tmettrickefv@ameblo.jp,,
Main,573.0,,rcharlinfw@epa.gov,,
Main,574.0,,gpoolefx@eepurl.com,,
Main,575.0,,lrimmingtonfy@va.gov,,
Main,576.0,,gatrillfz@typepad.com,,
Main,577.0,,mspincksg0@house.gov,,
Main,578.0,,elindstedtg1@about.com,,
Main,579.0,,dfraylingg2@networksolutions.com,,
Main,580.0,,ilardeurg3@de.vu,,
Main,581.0,,rcovilg4@google.ru,,
Main,582.0,,npigging5@google.es,,
Main,583.0,,jbellenyg6@hao123.com,,
Main,584.0,,edullinghamg7@marketwatch.com,,
Main,585.0,,jprebbleg8@senate.gov,,
Main,586.0,,bmainstong9@a8.net,,
Main,587.0,,sgoodwillga@skype.com,,
Main,588.0,,hpetriellogb@cbc.ca,,
Main,589.0,,cbrundlegc@tinypic.com,,
Main,590.0,,asustinsgd@ftc.gov,,
Main,591.0,,cshillsge@netlog.com,,
Main,592.0,,bchesworthgf@angelfire.com,,
Main,593.0,,mmendusgg@nih.gov,,
Main,594.0,,apuckringgh@thetimes.co.uk,,
Main,595.0,,mheartfieldgi@dmoz.org,,
Main,596.0,,kgottschalkgj@flavors.me,,
Main,597.0,,vpeacockegk@elpais.com,,
Main,598.0,,tgierhardgl@loc.gov,,
Main,599.0,,cburchgm@who.int,,
Main,600.0,,cparkingn@sbwire.com,,
Main,601.0,,lmaundersgo@nhs.uk,,
Main,602.0,,sflattegp@wikipedia.org,,
Main,603.0,,asantgq@fema.gov,,
Main,604.0,,emarquandgr@ft.com,,
Main,605.0,,nmoyesgs@last.fm,,
Main,606.0,,mmatveichevgt@bigcartel.com,,
Main,607.0,,zeydelgu@booking.com,,
Main,608.0,,pvedenyapingv@icio.us,,
Main,609.0,,lfearnyhoughgw@sun.com,,
Main,610.0,,orosinigx@scientificamerican.com,,
Main,611.0,,mlawlancegy@engadget.com,,
Main,612.0,,ajouengz@sakura.ne.jp,,
Main,613.0,,gmathieh0@opensource.org,,
Main,614.0,,gprydieh1@merriam-webster.com,,
Main,615.0,,arungeh2@gnu.org,,
Main,616.0,,ezukerh3@mysql.com,,
Main,617.0,,mgeffenh4@ox.ac.uk,,
Main,618.0,,tronaldh5@arstechnica.com,,
Main,619.0,,agladdishh6@ifeng.com,,
Main,620.0,,mcamilih7@jugem.jp,,
Main,621.0,,jrohanh8@e-recht24.de,,
Main,622.0,,pdelphh9@un.org,,
Main,623.0,,abecomha@youtube.com,,
Main,624.0,,rpetraitishb@unesco.org,,
Main,625.0,,jellerhc@hc360.com,,
Main,626.0,,ffaithfullhd@yelp.com,,
Main,627.0,,lpontenhe@apple.com,,
Main,628.0,,ngaytonhf@amazon.co.uk,,
Main,629.0,,kskitralhg@artisteer.com,,
Main,630.0,,srisdallhh@g.co,,
Main,631.0,,ashurrockhi@whitehouse.gov,,
Main,632.0,,bsansonhj@wisc.edu,,
Main,633.0,,wmarjoribankshk@fc2.com,,
Main,634.0,,wdownagehl@artisteer.com,,
Main,635.0,,dnobletthm@quantcast.com,,
Main,636.0,,lgosdinhn@tinypic.com,,
Main,637.0,,aruvelho@ifeng.com,,
Main,638.0,,kwigleyhp@xing.com,,
Main,639.0,,kwelbeckhq@ftc.gov,,
Main,640.0,,wgorlinghr@shareasale.com,,
Main,641.0,,cwinsomhs@w3.org,,
Main,642.0,,lteapeht@engadget.com,,
Main,643.0,,ssolomonideshu@wordpress.com,,
Main,644.0,,asoreauhv@rediff.com,,
Main,645.0,,wnandhw@adobe.com,,
Main,646.0,,svandrillhx@flickr.com,,
Main,647.0,,lblackboroughhy@intel.com,,
Main,648.0,,strayfordhz@wix.com,,
Main,649.0,,jpettingilli0@yahoo.com,,
Main,650.0,,mnorewoodi1@fda.gov,,
Main,651.0,,kcarmonti2@1688.com,,
Main,652.0,,ucoleridgei3@free.fr,,
Main,653.0,,ehedinghami4@sourceforge.net,,
Main,654.0,,cstansfieldi5@cbsnews.com,,
Main,655.0,,bcoppeardi6@fema.gov,,
Main,656.0,,fdeminicoi7@dell.com,,
Main,657.0,,kdoranti8@boston.com,,
Main,658.0,,jorsmani9@yale.edu,,
Main,659.0,,aarminia@alexa.com,,
Main,660.0,,vfrandsenib@squidoo.com,,
Main,661.0,,cwilberic@japanpost.jp,,
Main,662.0,,bhartillid@java.com,,
Main,663.0,,bstollmanie@cdc.gov,,
Main,664.0,,mrowatif@privacy.gov.au,,
Main,665.0,,jschuelckeig@answers.com,,
Main,666.0,,shansellih@bizjournals.com,,
Main,667.0,,ograstyeii@slate.com,,
Main,668.0,,mshierij@google.cn,,
Main,669.0,,hspringleik@nymag.com,,
Main,670.0,,dmilazzoil@bloglovin.com,,
Main,671.0,,bfranckim@google.fr,,
Main,672.0,,gmoberleyin@craigslist.org,,
Main,673.0,,zaclandio@shutterfly.com,,
Main,674.0,,bthomlinsonip@prnewswire.com,,
Main,675.0,,srousselliq@pbs.org,,
Main,676.0,,gtarbathir@sbwire.com,,
Main,677.0,,jcameranais@cafepress.com,,
Main,678.0,,nstoteit@blinklist.com,,
Main,679.0,,hleveneiu@nps.gov,,
Main,680.0,,shubbackiv@qq.com,,
Main,681.0,,egrindleyiw@elegantthemes.com,,
Main,682.0,,ashallikerix@oaic.gov.au,,
Main,683.0,,mpitrassoiy@simplemachines.org,,
Main,684.0,,dforestalliz@opera.com,,
Main,685.0,,afollitj0@sogou.com,,
Main,686.0,,tquinevanj1@elpais.com,,
Main,687.0,,cdudbridgej2@cdbaby.com,,
Main,688.0,,sprovestj3@wired.com,,
Main,689.0,,snockj4@thetimes.co.uk,,
Main,690.0,,ksnelmanj5@salon.com,,
Main,691.0,,fbendarej6@aboutads.info,,
Main,692.0,,awardj7@liveinternet.ru,,
Main,693.0,,dgirardettij8@seesaa.net,,
Main,694.0,,aklichj9@free.fr,,
Main,695.0,,vbeacroftja@wikimedia.org,,
Main,696.0,,ascneiderjb@google.com.br,,
Main,697.0,,rpenkejc@samsung.com,,
Main,698.0,,tgaylejd@seesaa.net,,
Main,699.0,,ssandbachje@businesswire.com,,
Main,700.0,,adockrelljf@istockphoto.com,,
Main,701.0,,thovelljg@ameblo.jp,,
Main,702.0,,gtrownsonjh@dmoz.org,,
Main,703.0,,rmillierji@usa.gov,,
Main,704.0,,sjeandeaujj@github.io,,
Main,705.0,,bpoorjk@constantcontact.com,,
Main,706.0,,cbussonjl@amazon.co.jp,,
Main,707.0,,maucklandjm@ihg.com,,
Main,708.0,,elabadinijn@moonfruit.com,,
Main,709.0,,mgorstjo@geocities.jp,,
Main,710.0,,hwentworthjp@yellowbook.com,,
Main,711.0,,tsmithjq@digg.com,,
Main,712.0,,toshevlinjr@com.com,,
Main,713.0,,borfordjs@networksolutions.com,,
Main,714.0,,chaddletonjt@hexun.com,,
Main,715.0,,kmcgilbenju@drupal.org,,
Main,716.0,,imethringhamjv@parallels.com,,
Main,717.0,,lcommingsjw@utexas.edu,,
Main,718.0,,acurbishleyjx@mapquest.com,,
Main,719.0,,rscedalljy@sohu.com,,
Main,720.0,,rknottjz@mlb.com,,
Main,721.0,,rchopink0@amazon.co.jp,,
Main,722.0,,rdommettk1@shutterfly.com,,
Main,723.0,,mkilmasterk2@xing.com,,
Main,724.0,,aluttyk3@joomla.org,,
Main,725.0,,pmoyseyk4@youku.com,,
Main,726.0,,pjennawayk5@amazon.de,,
Main,727.0,,glundbechk6@marketwatch.com,,
Main,728.0,,rbordessak7@1688.com,,
Main,729.0,,lhathwayk8@columbia.edu,,
Main,730.0,,cbullickk9@purevolume.com,,
Main,731.0,,tromanka@mayoclinic.com,,
Main,732.0,,obertomekb@so-net.ne.jp,,
Main,733.0,,ganscottkc@freewebs.com,,
Main,734.0,,mhachardkd@wordpress.org,,
Main,735.0,,sbowcherke@google.pl,,
Main,736.0,,tfriattkf@oakley.com,,
Main,737.0,,mhurleykg@lycos.com,,
Main,738.0,,bizonkh@loc.gov,,
Main,739.0,,vbetterisski@slideshare.net,,
Main,740.0,,lglassupkj@chronoengine.com,,
Main,741.0,,evlasenkokk@oaic.gov.au,,
Main,742.0,,dlyskl@economist.com,,
Main,743.0,,igullefordkm@ycombinator.com,,
Main,744.0,,bcristoforettikn@google.pl,,
Main,745.0,,uginniko@wsj.com,,
Main,746.0,,ssimionescukp@hostgator.com,,
Main,747.0,,kverrillokq@tripod.com,,
Main,748.0,,xbradnockekr@rakuten.co.jp,,
Main,749.0,,vmeininkingks@mediafire.com,,
Main,750.0,,aripponkt@zdnet.com,,
Main,751.0,,lhaddrillku@simplemachines.org,,
Main,752.0,,dginiekv@w3.org,,
Main,753.0,,kmarusyakkw@twitter.com,,
Main,754.0,,alenschkx@oaic.gov.au,,
Main,755.0,,shaighky@goo.gl,,
Main,756.0,,rparradyekz@harvard.edu,,
Main,757.0,,ccrankl0@addthis.com,,
Main,758.0,,smcfaelll1@creativecommons.org,,
Main,759.0,,mcomellil2@thetimes.co.uk,,
Main,760.0,,ebithanyl3@go.com,,
Main,761.0,,bcolsonl4@google.co.jp,,
Main,762.0,,ntrudgionl5@altervista.org,,
Main,763.0,,mbrittenl6@1und1.de,,
Main,764.0,,sshirtliffl7@livejournal.com,,
Main,765.0,,mbonderl8@tmall.com,,
Main,766.0,,mderislyl9@weibo.com,,
Main,767.0,,sclymala@princeton.edu,,
Main,768.0,,edyersonlb@patch.com,,
Main,769.0,,xkaradzaslc@prweb.com,,
Main,770.0,,nmockerld@imgur.com,,
Main,771.0,,gmcnirlinle@nbcnews.com,,
Main,772.0,,kmilbylf@ihg.com,,
Main,773.0,,tcardalllg@jigsy.com,,
Main,774.0,,ksodorlh@google.com.br,,
Main,775.0,,kwoodruffli@bbc.co.uk,,
Main,776.0,,oconiamlj@squarespace.com,,
Main,777.0,,mvallintinelk@mozilla.org,,
Main,778.0,,galgerll@vkontakte.ru,,
Main,779.0,,zleehanelm@qq.com,,
Main,780.0,,wmingardiln@php.net,,
Main,781.0,,tforcadelo@wiley.com,,
Main,782.0,,flehrlp@jimdo.com,,
Main,783.0,,aeddoweslq@blogspot.com,,
Main,784.0,,bparislr@lulu.com,,
Main,785.0,,vwoodyearels@goo.ne.jp,,
Main,786.0,,adurstonlt@yahoo.co.jp,,
Main,787.0,,ckesterlu@ftc.gov,,
Main,788.0,,gvanmerwelv@msu.edu,,
Main,789.0,,slowndsbroughlw@mediafire.com,,
Main,790.0,,scobbledlx@unicef.org,,
Main,791.0,,ldalzielly@imdb.com,,
Main,792.0,,abalelz@topsy.com,,
Main,793.0,,mtubbm0@reference.com,,
Main,794.0,,laureliusm1@ifeng.com,,
Main,795.0,,gskivingtonm2@ca.gov,,
Main,796.0,,atabernerm3@phoca.cz,,
Main,797.0,,hshuardm4@cmu.edu,,
Main,798.0,,hkinahanm5@cbslocal.com,,
Main,799.0,,rpensonm6@un.org,,
Main,800.0,,kivankinm7@vk.com,,
Main,801.0,,slidgatem8@trellian.com,,
Main,802.0,,bmurriganm9@bbc.co.uk,,
Main,803.0,,sbeardallma@imageshack.us,,
Main,804.0,,krippenmb@i2i.jp,,
Main,805.0,,hmackellermc@spiegel.de,,
Main,806.0,,jcantlemd@people.com.cn,,
Main,807.0,,tmcgreilme@pbs.org,,
Main,808.0,,jfiguresmf@newsvine.com,,
Main,809.0,,dcourteneymg@amazon.com,,
Main,810.0,,anewberymh@wix.com,,
Main,811.0,,hstricklandmi@wordpress.org,,
Main,812.0,,mferenczymj@networkadvertising.org,,
Main,813.0,,nbaumaiermk@qq.com,,
Main,814.0,,bburburyml@surveymonkey.com,,
Main,815.0,,rcorkingmm@umn.edu,,
Main,816.0,,abreissanmn@cdbaby.com,,
Main,817.0,,mhannabussmo@google.com.au,,
Main,818.0,,bbaloghmp@utexas.edu,,
Main,819.0,,kplatfootmq@oakley.com,,
Main,820.0,,rkinsonmr@fotki.com,,
Main,821.0,,edorricottms@slideshare.net,,
Main,822.0,,vpriestnermt@ask.com,,
Main,823.0,,eohoeymu@thetimes.co.uk,,
Main,824.0,,mskeggmv@thetimes.co.uk,,
Main,825.0,,rkerrichmw@nydailynews.com,,
Main,826.0,,hseedsmx@diigo.com,,
Main,827.0,,nmagennymy@cnn.com,,
Main,828.0,,tpaintermz@fastcompany.com,,
Main,829.0,,pknudsenn0@pagesperso-orange.fr,,
Main,830.0,,sbrughn1@tmall.com,,
Main,831.0,,abackwelln2@tumblr.com,,
Main,832.0,,jrunchmann3@businessweek.com,,
Main,833.0,,eaylwinn4@yolasite.com,,
Main,834.0,,rgiuronin5@drupal.org,,
Main,835.0,,mridenn6@uiuc.edu,,
Main,836.0,,ccorbinn7@geocities.com,,
Main,837.0,,pcreesen8@illinois.edu,,
Main,838.0,,hkiddelln9@google.pl,,
Main,839.0,,lbowskillna@last.fm,,
Main,840.0,,dbaldacchinb@tripod.com,,
Main,841.0,,rsumsionnc@cpanel.net,,
Main,842.0,,bohogertiend@wikispaces.com,,
Main,843.0,,ocrosbyne@soup.io,,
Main,844.0,,cmintynf@howstuffworks.com,,
Main,845.0,,dspringthorpeng@sbwire.com,,
Main,846.0,,sbruyntjesnh@java.com,,
Main,847.0,,bcartmaelni@wp.com,,
Main,848.0,,bpeasegoodnj@multiply.com,,
Main,849.0,,rkeransnk@addthis.com,,
Main,850.0,,drockwillnl@rakuten.co.jp,,
Main,851.0,,cbensleynm@bloglines.com,,
Main,852.0,,jsmithsonnn@ucsd.edu,,
Main,853.0,,acuretonno@eventbrite.com,,
Main,854.0,,mdeadmannp@fotki.com,,
Main,855.0,,fseddonnq@reference.com,,
Main,856.0,,gfrapenr@uol.com.br,,
Main,857.0,,vbarwackns@moonfruit.com,,
Main,858.0,,cmacneilagent@ustream.tv,,
Main,859.0,,sarnlinu@nytimes.com,,
Main,860.0,,elevinnv@sourceforge.net,,
Main,861.0,,eclyburnnw@shop-pro.jp,,
Main,862.0,,mbatchnx@mashable.com,,
Main,863.0,,bhowellsny@webeden.co.uk,,
Main,864.0,,bblamphinnz@wix.com,,
Main,865.0,,kbrockhouseo0@behance.net,,
Main,866.0,,rfawleyo1@java.com,,
Main,867.0,,bhaddocko2@wufoo.com,,
Main,868.0,,tkingswoldo3@ed.gov,,
Main,869.0,,dlindermanno4@google.com.br,,
Main,870.0,,wguiraudo5@bbb.org,,
Main,871.0,,kvogeleino6@google.nl,,
Main,872.0,,twilkowskio7@reddit.com,,
Main,873.0,,fwinfreyo8@mysql.com,,
Main,874.0,,bbrixeyo9@taobao.com,,
Main,875.0,,aletchfordoa@tiny.cc,,
Main,876.0,,mandrenob@google.fr,,
Main,877.0,,dbassooc@msn.com,,
Main,878.0,,smccawleyod@joomla.org,,
Main,879.0,,hdyzartoe@epa.gov,,
Main,880.0,,wtrenearof@nba.com,,
Main,881.0,,ndonoghueog@digg.com,,
Main,882.0,,gmarnsoh@dropbox.com,,
Main,883.0,,edriversoi@ovh.net,,
Main,884.0,,ribotsonoj@liveinternet.ru,,
Main,885.0,,lwalchok@ihg.com,,
Main,886.0,,rwixeyol@shinystat.com,,
Main,887.0,,cashcroftom@constantcontact.com,,
Main,888.0,,blamburneon@sitemeter.com,,
Main,889.0,,mruitoo@mtv.com,,
Main,890.0,,ngimbletop@auda.org.au,,
Main,891.0,,mwaskettoq@theguardian.com,,
Main,892.0,,cjanksor@pcworld.com,,
Main,893.0,,jmullordos@yellowpages.com,,
Main,894.0,,isouttarot@infoseek.co.jp,,
Main,895.0,,pbourleyou@sourceforge.net,,
Main,896.0,,walvesov@canalblog.com,,
Main,897.0,,sneliusow@si.edu,,
Main,898.0,,cosininox@comcast.net,,
Main,899.0,,srockalloy@reference.com,,
Main,900.0,,dlorrimeroz@lulu.com,,
Main,901.0,,ebaffordp0@prnewswire.com,,
Main,902.0,,wbentermanp1@fda.gov,,
Main,903.0,,climpertzp2@altervista.org,,
Main,904.0,,sdegogayp3@mlb.com,,
Main,905.0,,agommp4@ebay.com,,
Main,906.0,,aconeleyp5@cnn.com,,
Main,907.0,,cturnpennyp6@globo.com,,
Main,908.0,,cscholerp7@jimdo.com,,
Main,909.0,,sambrogip8@wikia.com,,
Main,910.0,,eneavesp9@auda.org.au,,
Main,911.0,,gmcmennumpa@nymag.com,,
Main,912.0,,kmackpb@weather.com,,
Main,913.0,,sgowerspc@etsy.com,,
Main,914.0,,elaffranconipd@huffingtonpost.com,,
Main,915.0,,cbampforthpe@netvibes.com,,
Main,916.0,,ceverypf@twitpic.com,,
Main,917.0,,kmaypolepg@illinois.edu,,
Main,918.0,,rjeremiahph@github.com,,
Main,919.0,,ipiscopi@amazonaws.com,,
Main,920.0,,mlivezeypj@msu.edu,,
Main,921.0,,mscroggespk@ning.com,,
Main,922.0,,tcrilleypl@archive.org,,
Main,923.0,,kmarlpm@blogspot.com,,
Main,924.0,,iludeepn@surveymonkey.com,,
Main,925.0,,aedneypo@1und1.de,,
Main,926.0,,pchristophepp@npr.org,,
Main,927.0,,kmcparlandpq@nifty.com,,
Main,928.0,,qpickoverpr@samsung.com,,
Main,929.0,,fchesnutps@baidu.com,,
Main,930.0,,rkershowpt@usatoday.com,,
Main,931.0,,tstuerpu@google.it,,
Main,932.0,,grheampv@netvibes.com,,
Main,933.0,,akilleleypw@infoseek.co.jp,,
Main,934.0,,rdrennanpx@smh.com.au,,
Main,935.0,,rcolliverpy@ovh.net,,
Main,936.0,,nhucklesbypz@howstuffworks.com,,
Main,937.0,,dgoaleyq0@unicef.org,,
Main,938.0,,psayeq1@php.net,,
Main,939.0,,ehulcoopq2@spiegel.de,,
Main,940.0,,uinesonq3@deliciousdays.com,,
Main,941.0,,kcairnsq4@cnet.com,,
Main,942.0,,jmayberyq5@facebook.com,,
Main,943.0,,kyeoq6@uiuc.edu,,
Main,944.0,,jcairneyq7@themeforest.net,,
Main,945.0,,krosenvasserq8@globo.com,,
Main,946.0,,mcoveq9@mediafire.com,,
Main,947.0,,pmaragesqa@about.com,,
Main,948.0,,gmumbesonqb@xinhuanet.com,,
Main,949.0,,rbuckelqc@chicagotribune.com,,
Main,950.0,,dseckingtonqd@ox.ac.uk,,
Main,951.0,,afilipicqe@ameblo.jp,,
Main,952.0,,estainqf@de.vu,,
Main,953.0,,ooheyneqg@ameblo.jp,,
Main,954.0,,cyakhinqh@t.co,,
Main,955.0,,dshouldersqi@alexa.com,,
Main,956.0,,dugolettiqj@umn.edu,,
Main,957.0,,jsanteqk@amazonaws.com,,
Main,958.0,,gmorffewql@elpais.com,,
Main,959.0,,holivelloqm@ustream.tv,,
Main,960.0,,sdyneqn@answers.com,,
Main,961.0,,dagneauqo@google.co.jp,,
Main,962.0,,jshurmanqp@forbes.com,,
Main,963.0,,khallickqq@prlog.org,,
Main,964.0,,bportchqr@alibaba.com,,
Main,965.0,,sjacqueminotqs@blogspot.com,,
Main,966.0,,vminerqt@freewebs.com,,
Main,967.0,,jgiorgioniqu@hostgator.com,,
Main,968.0,,sskoggingsqv@theatlantic.com,,
Main,969.0,,sleggenqw@vistaprint.com,,
Main,970.0,,lvalentineqx@mapquest.com,,
Main,971.0,,jlightenqy@alibaba.com,,
Main,972.0,,ckertessqz@themeforest.net,,
Main,973.0,,pedgecomber0@mashable.com,,
Main,974.0,,hbrewertonr1@wikispaces.com,,
Main,975.0,,ghustonr2@pbs.org,,
Main,976.0,,aofogertyr3@wordpress.org,,
Main,977.0,,kivanchovr4@gov.uk,,
Main,978.0,,adurbynr5@usgs.gov,,
Main,979.0,,ggrederr6@cornell.edu,,
Main,980.0,,bhebbornr7@ca.gov,,
Main,981.0,,aanselmr8@ucsd.edu,,
Main,982.0,,mpoxsonr9@amazon.com,,
Main,983.0,,enekrewsra@nydailynews.com,,
Main,984.0,,ffortnumrb@merriam-webster.com,,
Main,985.0,,plorencrc@answers.com,,
Main,986.0,,sjoiceyrd@canalblog.com,,
Main,987.0,,dphilippsre@ucoz.com,,
Main,988.0,,smenezesrf@woothemes.com,,
Main,989.0,,amillerrg@dagondesign.com,,
Main,990.0,,ldrewsrh@eepurl.com,,
Main,991.0,,tmayhori@yellowpages.com,,
Main,992.0,,dhakerrj@free.fr,,
Main,993.0,,tuphillrk@jalbum.net,,
Main,994.0,,alaurenzirl@gov.uk,,
Main,995.0,,bcowcharm@odnoklassniki.ru,,
Main,996.0,,ooconcannonrn@hp.com,,
Main,997.0,,vspurro@cisco.com,,
Main,998.0,,sokinneallyrp@psu.edu,,
Main,999.0,,clabonrq@example.com,,
Main,1000.0,,jharradencerr@accuweather.com,,
Main,1001.0,,jwiseman0@slate.com,,
Main,1002.0,,iolenikov1@aol.com,,
Main,1003.0,,smeriel2@nih.gov,,
Main,1004.0,,hspelsbury3@google.com.br,,
Main,1005.0,,nbodemeaid4@linkedin.com,,
Main,1006.0,,rmaxted5@pagesperso-orange.fr,,
Main,1007.0,,rrabbage6@g.co,,
Main,1008.0,,bsedgebeer7@cafepress.com,,
Main,1009.0,,lhelleckas8@tuttocitta.it,,
Main,1010.0,,dluxen9@usnews.com,,
Main,1011.0,,flytlea@salon.com,,
Main,1012.0,,hstollib@narod.ru,,
Main,1013.0,,cgimsonc@java.com,,
Main,1014.0,,sblythed@state.tx.us,,
Main,1015.0,,xbranee@yellowbook.com,,
Main,1016.0,,stowerf@mashable.com,,
Main,1017.0,,zmcronaldg@about.me,,
Main,1018.0,,adumphriesh@uiuc.edu,,
Main,1019.0,,bnibloei@booking.com,,
Main,1020.0,,rsweeneyj@fc2.com,,
Main,1021.0,,tclaybornk@bluehost.com,,
Main,1022.0,,sgarfordl@chicagotribune.com,,
Main,1023.0,,bbattmanm@nih.gov,,
Main,1024.0,,amacdougalln@blogtalkradio.com,,
Main,1025.0,,cmccarlicho@webmd.com,,
Main,1026.0,,ksponp@cnbc.com,,
Main,1027.0,,jlestrangeq@rediff.com,,
Main,1028.0,,lhanfordr@gov.uk,,
Main,1029.0,,kbabbss@ovh.net,,
Main,1030.0,,cbreat@census.gov,,
Main,1031.0,,khogganu@theglobeandmail.com,,
Main,1032.0,,lmarvellv@feedburner.com,,
Main,1033.0,,eclellandw@phoca.cz,,
Main,1034.0,,dwhitelyx@imageshack.us,,
Main,1035.0,,cansteady@ihg.com,,
Main,1036.0,,agravenerz@jiathis.com,,
Main,1037.0,,esiflet10@lulu.com,,
Main,1038.0,,hsaw11@oaic.gov.au,,
Main,1039.0,,dbailey12@nasa.gov,,
Main,1040.0,,awiggett13@cnn.com,,
Main,1041.0,,mdearden14@independent.co.uk,,
Main,1042.0,,mpernell15@ucoz.ru,,
Main,1043.0,,bforrington16@yahoo.com,,
Main,1044.0,,fyglesia17@homestead.com,,
Main,1045.0,,rcartmer18@printfriendly.com,,
Main,1046.0,,hpinches19@drupal.org,,
Main,1047.0,,dbuyers1a@wikia.com,,
Main,1048.0,,epoynter1b@fastcompany.com,,
Main,1049.0,,gkorb1c@stumbleupon.com,,
Main,1050.0,,srymour1d@sun.com,,
Main,1051.0,,bsilvers1e@prlog.org,,
Main,1052.0,,zrusse1f@infoseek.co.jp,,
Main,1053.0,,cfitzsimmons1g@unesco.org,,
Main,1054.0,,ghearon1h@scribd.com,,
Main,1055.0,,lbuttle1i@google.com.hk,,
Main,1056.0,,sfever1j@cargocollective.com,,
Main,1057.0,,mharrill1k@lulu.com,,
Main,1058.0,,cquarrington1l@opera.com,,
Main,1059.0,,hplunkett1m@dropbox.com,,
Main,1060.0,,gdominelli1n@biglobe.ne.jp,,
Main,1061.0,,apietrowicz1o@census.gov,,
Main,1062.0,,adearnaly1p@google.co.uk,,
Main,1063.0,,cducaen1q@unesco.org,,
Main,1064.0,,fballach1r@wisc.edu,,
Main,1065.0,,awrathmell1s@unicef.org,,
Main,1066.0,,snaisby1t@purevolume.com,,
Main,1067.0,,icartmale1u@artisteer.com,,
Main,1068.0,,thallut1v@a8.net,,
Main,1069.0,,klinge1w@latimes.com,,
Main,1070.0,,tcristofano1x@e-recht24.de,,
Main,1071.0,,ktatford1y@digg.com,,
Main,1072.0,,moday1z@friendfeed.com,,
Main,1073.0,,gstive20@gravatar.com,,
Main,1074.0,,cbiset21@baidu.com,,
Main,1075.0,,alethlay22@wunderground.com,,
Main,1076.0,,iclackson23@cocolog-nifty.com,,
Main,1077.0,,losgarby24@cloudflare.com,,
Main,1078.0,,hhoulaghan25@webmd.com,,
Main,1079.0,,sconers26@dmoz.org,,
Main,1080.0,,coheaney27@hexun.com,,
Main,1081.0,,lcarsey28@about.me,,
Main,1082.0,,ppetrulis29@washingtonpost.com,,
Main,1083.0,,fflorence2a@cam.ac.uk,,
Main,1084.0,,etenney2b@dion.ne.jp,,
Main,1085.0,,bmathiot2c@dedecms.com,,
Main,1086.0,,rhardstaff2d@hibu.com,,
Main,1087.0,,hcurthoys2e@apple.com,,
Main,1088.0,,jmilkeham2f@cdc.gov,,
Main,1089.0,,gdesantos2g@mlb.com,,
Main,1090.0,,kheenan2h@goo.gl,,
Main,1091.0,,lfredi2i@uiuc.edu,,
Main,1092.0,,ewitt2j@home.pl,,
Main,1093.0,,rneilus2k@mozilla.org,,
Main,1094.0,,ldunlop2l@issuu.com,,
Main,1095.0,,kgosneye2m@stumbleupon.com,,
Main,1096.0,,tgarrigan2n@163.com,,
Main,1097.0,,kengelbrecht2o@huffingtonpost.com,,
Main,1098.0,,nanning2p@constantcontact.com,,
Main,1099.0,,dfindlater2q@ustream.tv,,
Main,1100.0,,ltremblett2r@techcrunch.com,,
Main,1101.0,,lspurgeon2s@unblog.fr,,
Main,1102.0,,dcowdry2t@artisteer.com,,
Main,1103.0,,hkassel2u@ameblo.jp,,
Main,1104.0,,gstopp2v@com.com,,
Main,1105.0,,fcahalan2w@wordpress.com,,
Main,1106.0,,enottle2x@un.org,,
Main,1107.0,,ddigby2y@ca.gov,,
Main,1108.0,,rcovely2z@tamu.edu,,
Main,1109.0,,lcapstaff30@surveymonkey.com,,
Main,1110.0,,shairon31@cnn.com,,
Main,1111.0,,vsaxton32@zdnet.com,,
Main,1112.0,,gorder33@spotify.com,,
Main,1113.0,,tcaplis34@wired.com,,
Main,1114.0,,blabbati35@123-reg.co.uk,,
Main,1115.0,,gpeinton36@foxnews.com,,
Main,1116.0,,cpenhalewick37@i2i.jp,,
Main,1117.0,,dodyvoy38@booking.com,,
Main,1118.0,,cwaldock39@theglobeandmail.com,,
Main,1119.0,,qgiacubbo3a@intel.com,,
Main,1120.0,,bruzic3b@businessweek.com,,
Main,1121.0,,kthunnercliff3c@spotify.com,,
Main,1122.0,,shellikes3d@digg.com,,
Main,1123.0,,mogers3e@google.de,,
Main,1124.0,,rdubber3f@thetimes.co.uk,,
Main,1125.0,,kbantham3g@sfgate.com,,
Main,1126.0,,lchennells3h@globo.com,,
Main,1127.0,,bheinschke3i@un.org,,
Main,1128.0,,prebichon3j@ycombinator.com,,
Main,1129.0,,vmordanti3k@vinaora.com,,
Main,1130.0,,tpethick3l@symantec.com,,
Main,1131.0,,amackriell3m@usnews.com,,
Main,1132.0,,wantognetti3n@blinklist.com,,
Main,1133.0,,tfranseco3o@vk.com,,
Main,1134.0,,zbenediktsson3p@elegantthemes.com,,
Main,1135.0,,tcolliver3q@thetimes.co.uk,,
Main,1136.0,,pprestige3r@feedburner.com,,
Main,1137.0,,kcossington3s@nasa.gov,,
Main,1138.0,,njowsey3t@netvibes.com,,
Main,1139.0,,jmonger3u@csmonitor.com,,
Main,1140.0,,vlorente3v@theguardian.com,,
Main,1141.0,,gsteers3w@cnn.com,,
Main,1142.0,,cmacterlagh3x@hc360.com,,
Main,1143.0,,ovaar3y@hubpages.com,,
Main,1144.0,,gnursey3z@bloglovin.com,,
Main,1145.0,,mhupe40@fda.gov,,
Main,1146.0,,vmansford41@constantcontact.com,,
Main,1147.0,,egirauld42@usatoday.com,,
Main,1148.0,,bakitt43@livejournal.com,,
Main,1149.0,,wsquibb44@list-manage.com,,
Main,1150.0,,elissandre45@barnesandnoble.com,,
Main,1151.0,,ctaggert46@utexas.edu,,
Main,1152.0,,ctest47@economist.com,,
Main,1153.0,,broth48@unicef.org,,
Main,1154.0,,rmeo49@baidu.com,,
Main,1155.0,,cdellenbrok4a@utexas.edu,,
Main,1156.0,,rgrabiec4b@dell.com,,
Main,1157.0,,wgoodhall4c@comcast.net,,
Main,1158.0,,jmethingam4d@sakura.ne.jp,,
Main,1159.0,,watkyns4e@princeton.edu,,
Main,1160.0,,bjennemann4f@addtoany.com,,
Main,1161.0,,oceschini4g@weebly.com,,
Main,1162.0,,gkruger4h@scribd.com,,
Main,1163.0,,kkitchingham4i@dailymail.co.uk,,
Main,1164.0,,lstanton4j@homestead.com,,
Main,1165.0,,dbosnell4k@unesco.org,,
Main,1166.0,,gpaslow4l@plala.or.jp,,
Main,1167.0,,stattershall4m@g.co,,
Main,1168.0,,jelsip4n@spotify.com,,
Main,1169.0,,fmowatt4o@slideshare.net,,
Main,1170.0,,bteml4p@domainmarket.com,,
Main,1171.0,,cfullard4q@washington.edu,,
Main,1172.0,,ekarpov4r@usgs.gov,,
Main,1173.0,,zechallie4s@seesaa.net,,
Main,1174.0,,hcotte4t@dagondesign.com,,
Main,1175.0,,tvear4u@addtoany.com,,
Main,1176.0,,jalderman4v@skyrock.com,,
Main,1177.0,,abagnal4w@yale.edu,,
Main,1178.0,,hveall4x@dion.ne.jp,,
Main,1179.0,,dgibbon4y@china.com.cn,,
Main,1180.0,,oismirnioglou4z@intel.com,,
Main,1181.0,,rcrowch50@marriott.com,,
Main,1182.0,,gkings51@themeforest.net,,
Main,1183.0,,avedntyev52@netlog.com,,
Main,1184.0,,jhumbee53@about.com,,
Main,1185.0,,tmaundrell54@cam.ac.uk,,
Main,1186.0,,alyptrade55@wordpress.org,,
Main,1187.0,,bzanotti56@slashdot.org,,
Main,1188.0,,strazzi57@indiegogo.com,,
Main,1189.0,,jrapaport58@businessweek.com,,
Main,1190.0,,swestman59@nbcnews.com,,
Main,1191.0,,akelsell5a@columbia.edu,,
Main,1192.0,,cminet5b@1und1.de,,
Main,1193.0,,swoofinden5c@delicious.com,,
Main,1194.0,,rfounds5d@vinaora.com,,
Main,1195.0,,gjuhruke5e@smugmug.com,,
Main,1196.0,,tspringate5f@bizjournals.com,,
Main,1197.0,,ablackadder5g@storify.com,,
Main,1198.0,,kendon5h@indiatimes.com,,
Main,1199.0,,rtaffe5i@icq.com,,
Main,1200.0,,bdeshorts5j@ftc.gov,,
Main,1201.0,,jlindeman5k@google.de,,
Main,1202.0,,anewport5l@prlog.org,,
Main,1203.0,,rkitman5m@state.tx.us,,
Main,1204.0,,mbloy5n@cargocollective.com,,
Main,1205.0,,pcammis5o@so-net.ne.jp,,
Main,1206.0,,npawels5p@photobucket.com,,
Main,1207.0,,pdudden5q@jimdo.com,,
Main,1208.0,,wshobrook5r@csmonitor.com,,
Main,1209.0,,eraccio5s@hatena.ne.jp,,
Main,1210.0,,mshorthouse5t@upenn.edu,,
Main,1211.0,,pchiese5u@house.gov,,
Main,1212.0,,cbrownhall5v@blogtalkradio.com,,
Main,1213.0,,svella5w@japanpost.jp,,
Main,1214.0,,sgibke5x@springer.com,,
Main,1215.0,,jchatburn5y@weibo.com,,
Main,1216.0,,stumilson5z@bravesites.com,,
Main,1217.0,,rollett60@examiner.com,,
Main,1218.0,,lgrouse61@vimeo.com,,
Main,1219.0,,amoles62@census.gov,,
Main,1220.0,,aciraldo63@unesco.org,,
Main,1221.0,,pconklin64@blog.com,,
Main,1222.0,,ebranford65@rambler.ru,,
Main,1223.0,,bbillo66@ox.ac.uk,,
Main,1224.0,,ddunnet67@indiegogo.com,,
Main,1225.0,,pwoehler68@amazon.co.jp,,
Main,1226.0,,nbottoner69@geocities.com,,
Main,1227.0,,kmattholie6a@wisc.edu,,
Main,1228.0,,dshemmin6b@drupal.org,,
Main,1229.0,,eetherton6c@hhs.gov,,
Main,1230.0,,aletchford6d@ca.gov,,
Main,1231.0,,gdadley6e@1688.com,,
Main,1232.0,,pfrankiewicz6f@cam.ac.uk,,
Main,1233.0,,dingleston6g@google.com.au,,
Main,1234.0,,ccavilla6h@myspace.com,,
Main,1235.0,,vleys6i@twitter.com,,
Main,1236.0,,xjerromes6j@dagondesign.com,,
Main,1237.0,,lmarks6k@ebay.co.uk,,
Main,1238.0,,mtewkesberrie6l@cnet.com,,
Main,1239.0,,ktomowicz6m@cnet.com,,
Main,1240.0,,pcoryndon6n@pagesperso-orange.fr,,
Main,1241.0,,cameerbeg6o@epa.gov,,
Main,1242.0,,tlinforth6p@springer.com,,
Main,1243.0,,mmargett6q@icio.us,,
Main,1244.0,,slabon6r@independent.co.uk,,
Main,1245.0,,mguinnane6s@google.it,,
Main,1246.0,,glamplough6t@acquirethisname.com,,
Main,1247.0,,pmccarroll6u@apache.org,,
Main,1248.0,,bhalksworth6v@statcounter.com,,
Main,1249.0,,wmccandless6w@mapquest.com,,
Main,1250.0,,jzavittieri6x@usatoday.com,,
Main,1251.0,,mdyson6y@lycos.com,,
Main,1252.0,,rtriggel6z@spiegel.de,,
Main,1253.0,,rconner70@japanpost.jp,,
Main,1254.0,,mmccart71@ycombinator.com,,
Main,1255.0,,nholtaway72@chicagotribune.com,,
Main,1256.0,,zgarric73@state.tx.us,,
Main,1257.0,,kgrimsdell74@posterous.com,,
Main,1258.0,,mbaskeyfied75@g.co,,
Main,1259.0,,tantal76@e-recht24.de,,
Main,1260.0,,aacedo77@paginegialle.it,,
Main,1261.0,,hchallace78@networkadvertising.org,,
Main,1262.0,,ecowlin79@biglobe.ne.jp,,
Main,1263.0,,tdybbe7a@unblog.fr,,
Main,1264.0,,zdanielli7b@shareasale.com,,
Main,1265.0,,eblacksland7c@simplemachines.org,,
Main,1266.0,,sobington7d@geocities.jp,,
Main,1267.0,,twestphalen7e@huffingtonpost.com,,
Main,1268.0,,rdecaze7f@java.com,,
Main,1269.0,,rstealey7g@apple.com,,
Main,1270.0,,efores7h@ibm.com,,
Main,1271.0,,astoddart7i@engadget.com,,
Main,1272.0,,mlamminam7j@usgs.gov,,
Main,1273.0,,ltivolier7k@list-manage.com,,
Main,1274.0,,lbenjamin7l@hostgator.com,,
Main,1275.0,,mchallicombe7m@slate.com,,
Main,1276.0,,ltapson7n@phoca.cz,,
Main,1277.0,,wsuggey7o@dell.com,,
Main,1278.0,,rchern7p@printfriendly.com,,
Main,1279.0,,lbaldam7q@npr.org,,
Main,1280.0,,bmacculloch7r@biblegateway.com,,
Main,1281.0,,csponder7s@ovh.net,,
Main,1282.0,,plehrer7t@china.com.cn,,
Main,1283.0,,bsibthorpe7u@discuz.net,,
Main,1284.0,,pfairlie7v@about.com,,
Main,1285.0,,landrusov7w@ameblo.jp,,
Main,1286.0,,abroose7x@springer.com,,
Main,1287.0,,bblasoni7y@symantec.com,,
Main,1288.0,,lcowderoy7z@ustream.tv,,
Main,1289.0,,sgabbatiss80@wordpress.com,,
Main,1290.0,,dlampard81@symantec.com,,
Main,1291.0,,emoulster82@edublogs.org,,
Main,1292.0,,nbrennon83@vimeo.com,,
Main,1293.0,,aselbie84@tmall.com,,
Main,1294.0,,mfoynes85@accuweather.com,,
Main,1295.0,,ccrippell86@imgur.com,,
Main,1296.0,,aswepstone87@tripadvisor.com,,
Main,1297.0,,etroy88@bing.com,,
Main,1298.0,,cfosh89@google.de,,
Main,1299.0,,lmacanulty8a@forbes.com,,
Main,1300.0,,kmarcome8b@sina.com.cn,,
Main,1301.0,,sblayney8c@discovery.com,,
Main,1302.0,,bheisham8d@stanford.edu,,
Main,1303.0,,hburnall8e@wikipedia.org,,
Main,1304.0,,msimonitto8f@answers.com,,
Main,1305.0,,tmcmurrugh8g@mozilla.org,,
Main,1306.0,,jpilkinton8h@lulu.com,,
Main,1307.0,,dbudgey8i@goodreads.com,,
Main,1308.0,,ukellert8j@ucla.edu,,
Main,1309.0,,zcongrave8k@economist.com,,
Main,1310.0,,gmacilurick8l@moonfruit.com,,
Main,1311.0,,lcorwood8m@w3.org,,
Main,1312.0,,ddumbrill8n@fema.gov,,
Main,1313.0,,bgarret8o@wsj.com,,
Main,1314.0,,bhollingsby8p@shinystat.com,,
Main,1315.0,,fskyram8q@dailymail.co.uk,,
Main,1316.0,,abourdis8r@oakley.com,,
Main,1317.0,,tmatts8s@furl.net,,
Main,1318.0,,gconachy8t@comsenz.com,,
Main,1319.0,,ktemperley8u@foxnews.com,,
Main,1320.0,,hmcqueen8v@xrea.com,,
Main,1321.0,,lbaribal8w@com.com,,
Main,1322.0,,rpostlethwaite8x@qq.com,,
Main,1323.0,,fdevon8y@php.net,,
Main,1324.0,,cpaule8z@discovery.com,,
Main,1325.0,,zimrie90@redcross.org,,
Main,1326.0,,earonstein91@netlog.com,,
Main,1327.0,,eblyde92@pinterest.com,,
Main,1328.0,,wcantero93@ed.gov,,
Main,1329.0,,ktrodden94@columbia.edu,,
Main,1330.0,,lcondon95@xinhuanet.com,,
Main,1331.0,,dhaugg96@google.com.br,,
Main,1332.0,,ccowdroy97@comsenz.com,,
Main,1333.0,,wganter98@ovh.net,,
Main,1334.0,,ihamal99@theatlantic.com,,
Main,1335.0,,tjohanning9a@tiny.cc,,
Main,1336.0,,asimnell9b@slideshare.net,,
Main,1337.0,,scoldbath9c@purevolume.com,,
Main,1338.0,,trodolico9d@themeforest.net,,
Main,1339.0,,dlampett9e@barnesandnoble.com,,
Main,1340.0,,rbangham9f@addthis.com,,
Main,1341.0,,jheers9g@furl.net,,
Main,1342.0,,aelldred9h@issuu.com,,
Main,1343.0,,ktoohey9i@t.co,,
Main,1344.0,,hgavrielli9j@freewebs.com,,
Main,1345.0,,apinckney9k@studiopress.com,,
Main,1346.0,,sneame9l@tamu.edu,,
Main,1347.0,,kcornely9m@independent.co.uk,,
Main,1348.0,,ngraham9n@cpanel.net,,
Main,1349.0,,deversley9o@topsy.com,,
Main,1350.0,,smegson9p@cafepress.com,,
Main,1351.0,,snaismith9q@theguardian.com,,
Main,1352.0,,iwhatling9r@mozilla.org,,
Main,1353.0,,abartlam9s@jugem.jp,,
Main,1354.0,,byule9t@salon.com,,
Main,1355.0,,apeacop9u@weibo.com,,
Main,1356.0,,mnovic9v@vinaora.com,,
Main,1357.0,,psabate9w@virginia.edu,,
Main,1358.0,,wlinder9x@ning.com,,
Main,1359.0,,dvenny9y@freewebs.com,,
Main,1360.0,,tjurca9z@dell.com,,
Main,1361.0,,mmcterlagha0@blinklist.com,,
Main,1362.0,,aantonijevica1@storify.com,,
Main,1363.0,,avondrysa2@hugedomains.com,,
Main,1364.0,,lmussingtona3@archive.org,,
Main,1365.0,,amoreinga4@alexa.com,,
Main,1366.0,,dkernaghana5@dyndns.org,,
Main,1367.0,,ksoppetha6@ovh.net,,
Main,1368.0,,gcahna7@eepurl.com,,
Main,1369.0,,rnollia8@shareasale.com,,
Main,1370.0,,mmenichilloa9@mayoclinic.com,,
Main,1371.0,,kgarmaa@google.co.uk,,
Main,1372.0,,cmalkieab@si.edu,,
Main,1373.0,,athomassonac@noaa.gov,,
Main,1374.0,,sadamthwaitead@java.com,,
Main,1375.0,,kpinhornae@epa.gov,,
Main,1376.0,,fcurwenaf@usnews.com,,
Main,1377.0,,dbastieag@netvibes.com,,
Main,1378.0,,ksimonaitisah@sohu.com,,
Main,1379.0,,blehrleai@dion.ne.jp,,
Main,1380.0,,adreiaj@ucsd.edu,,
Main,1381.0,,nilyinak@zimbio.com,,
Main,1382.0,,sgrolmannal@google.ca,,
Main,1383.0,,kmcmenamyam@goodreads.com,,
Main,1384.0,,csarllan@wired.com,,
Main,1385.0,,eosheaao@typepad.com,,
Main,1386.0,,afarlowap@ifeng.com,,
Main,1387.0,,pgettenaq@infoseek.co.jp,,
Main,1388.0,,awiddopar@arizona.edu,,
Main,1389.0,,tjeppas@hexun.com,,
Main,1390.0,,sgoshawkeat@de.vu,,
Main,1391.0,,glindupau@jigsy.com,,
Main,1392.0,,mibleav@imgur.com,,
Main,1393.0,,lcokeraw@alibaba.com,,
Main,1394.0,,lebbuttax@mail.ru,,
Main,1395.0,,gcreamay@usatoday.com,,
Main,1396.0,,bkellenaz@bloglovin.com,,
Main,1397.0,,kvigiettib0@myspace.com,,
Main,1398.0,,batyeab1@odnoklassniki.ru,,
Main,1399.0,,broscoeb2@omniture.com,,
Main,1400.0,,smiddupb3@amazon.co.uk,,
Main,1401.0,,cjoesburyb4@sohu.com,,
Main,1402.0,,kgrovesb5@examiner.com,,
Main,1403.0,,jtournerb6@hubpages.com,,
Main,1404.0,,jmacfarlanb7@ft.com,,
Main,1405.0,,psnashallb8@marriott.com,,
Main,1406.0,,afrantzenb9@dailymotion.com,,
Main,1407.0,,clitterickba@ox.ac.uk,,
Main,1408.0,,fmcasparanbb@unesco.org,,
Main,1409.0,,ggosneyebc@google.com.hk,,
Main,1410.0,,clagdenbd@imageshack.us,,
Main,1411.0,,wfullwoodbe@sciencedaily.com,,
Main,1412.0,,steasbf@hubpages.com,,
Main,1413.0,,mvaninbg@dyndns.org,,
Main,1414.0,,susherbh@utexas.edu,,
Main,1415.0,,gstanfieldbi@surveymonkey.com,,
Main,1416.0,,kguildbj@xing.com,,
Main,1417.0,,ggrigoryovbk@go.com,,
Main,1418.0,,dlawelesbl@army.mil,,
Main,1419.0,,rmoradbm@timesonline.co.uk,,
Main,1420.0,,aisackebn@wordpress.com,,
Main,1421.0,,rdominichettibo@fastcompany.com,,
Main,1422.0,,rhardeybp@army.mil,,
Main,1423.0,,jsiggebq@statcounter.com,,
Main,1424.0,,atrounsonbr@state.gov,,
Main,1425.0,,ksarfattibs@privacy.gov.au,,
Main,1426.0,,nmeasenbt@creativecommons.org,,
Main,1427.0,,mlaurensbu@arstechnica.com,,
Main,1428.0,,bfuentebv@ameblo.jp,,
Main,1429.0,,cvezeybw@trellian.com,,
Main,1430.0,,ianderschbx@tinypic.com,,
Main,1431.0,,caccombby@gnu.org,,
Main,1432.0,,sduckittbz@yolasite.com,,
Main,1433.0,,ttabbernorc0@nba.com,,
Main,1434.0,,byekelc1@infoseek.co.jp,,
Main,1435.0,,hnorvellc2@yellowpages.com,,
Main,1436.0,,afostc3@parallels.com,,
Main,1437.0,,tbendarec4@bbb.org,,
Main,1438.0,,ksappellc5@smugmug.com,,
Main,1439.0,,dbecklesc6@squarespace.com,,
Main,1440.0,,bhoggettsc7@cyberchimps.com,,
Main,1441.0,,ctrevorc8@jiathis.com,,
Main,1442.0,,rburlingc9@cpanel.net,,
Main,1443.0,,pprettyca@blogger.com,,
Main,1444.0,,sharnettcb@who.int,,
Main,1445.0,,hbowlercc@java.com,,
Main,1446.0,,jdrakardcd@google.ca,,
Main,1447.0,,mpopplewellce@howstuffworks.com,,
Main,1448.0,,odehncf@usa.gov,,
Main,1449.0,,rmcilwrickcg@utexas.edu,,
Main,1450.0,,fmogiech@cnbc.com,,
Main,1451.0,,drosenauci@163.com,,
Main,1452.0,,hchildcj@youtube.com,,
Main,1453.0,,kgribbinck@indiegogo.com,,
Main,1454.0,,aarchercl@nhs.uk,,
Main,1455.0,,smilellacm@dailymotion.com,,
Main,1456.0,,ijeanessoncn@time.com,,
Main,1457.0,,klemoucheuxco@amazonaws.com,,
Main,1458.0,,mbosworthcp@1688.com,,
Main,1459.0,,lvassarcq@techcrunch.com,,
Main,1460.0,,rvaulscr@sciencedaily.com,,
Main,1461.0,,cmckunecs@flickr.com,,
Main,1462.0,,kordishct@toplist.cz,,
Main,1463.0,,nnaveincu@mapquest.com,,
Main,1464.0,,dlowndesbroughcv@columbia.edu,,
Main,1465.0,,dgiannicw@1und1.de,,
Main,1466.0,,dgiroldicx@w3.org,,
Main,1467.0,,sgrunguercy@163.com,,
Main,1468.0,,ebriattcz@cbsnews.com,,
Main,1469.0,,vkowald0@xinhuanet.com,,
Main,1470.0,,gmatyatind1@wunderground.com,,
Main,1471.0,,dcoggingsd2@nih.gov,,
Main,1472.0,,jploverd3@state.tx.us,,
Main,1473.0,,gstickneyd4@discuz.net,,
Main,1474.0,,gcraykerd5@usda.gov,,
Main,1475.0,,cbrenardd6@google.ca,,
Main,1476.0,,lnorthidged7@sciencedirect.com,,
Main,1477.0,,ewhatsond8@zimbio.com,,
Main,1478.0,,gpawleyd9@si.edu,,
Main,1479.0,,bflasbyda@seesaa.net,,
Main,1480.0,,fbenforddb@reuters.com,,
Main,1481.0,,lsnaseldc@foxnews.com,,
Main,1482.0,,tpollakdd@webeden.co.uk,,
Main,1483.0,,svakhrushevde@chicagotribune.com,,
Main,1484.0,,zgatedf@hud.gov,,
Main,1485.0,,nwoofdg@ucoz.ru,,
Main,1486.0,,aaizlewooddh@bloglines.com,,
Main,1487.0,,jadamsdi@cdbaby.com,,
Main,1488.0,,uleavesleydj@pagesperso-orange.fr,,
Main,1489.0,,hmeadleydk@vinaora.com,,
Main,1490.0,,gshepcuttdl@usgs.gov,,
Main,1491.0,,hshaplanddm@yelp.com,,
Main,1492.0,,llefwichdn@github.com,,
Main,1493.0,,adivinydo@businessinsider.com,,
Main,1494.0,,sscotterdp@archive.org,,
Main,1495.0,,ovedekhindq@zimbio.com,,
Main,1496.0,,ckiddedr@istockphoto.com,,
Main,1497.0,,lwattsds@ucsd.edu,,
Main,1498.0,,psilberschatzdt@xinhuanet.com,,
Main,1499.0,,abockettdu@usgs.gov,,
Main,1500.0,,hsutliffdv@sogou.com,,
Main,1501.0,,ggadesbydw@amazon.de,,
Main,1502.0,,dlenoxdx@t-online.de,,
Main,1503.0,,cperciferdy@shop-pro.jp,,
Main,1504.0,,adrakeforddz@sciencedirect.com,,
Main,1505.0,,zbuckame0@uol.com.br,,
Main,1506.0,,gpitrassoe1@mlb.com,,
Main,1507.0,,teagare2@icio.us,,
Main,1508.0,,sscogingse3@nifty.com,,
Main,1509.0,,hwilcocke4@yellowbook.com,,
Main,1510.0,,bjuliane5@multiply.com,,
Main,1511.0,,mfitzgeorgee6@gmpg.org,,
Main,1512.0,,hsollowayee7@globo.com,,
Main,1513.0,,ccaheye8@tripadvisor.com,,
Main,1514.0,,cbewsheae9@cisco.com,,
Main,1515.0,,cpeppardea@time.com,,
Main,1516.0,,lhambleneb@java.com,,
Main,1517.0,,kbooiec@eepurl.com,,
Main,1518.0,,ipettwooded@usgs.gov,,
Main,1519.0,,atuckwellee@icio.us,,
Main,1520.0,,vteeseef@walmart.com,,
Main,1521.0,,elacknereg@feedburner.com,,
Main,1522.0,,lyglesiaseh@ovh.net,,
Main,1523.0,,fsandwithei@ning.com,,
Main,1524.0,,cprettyjohnsej@house.gov,,
Main,1525.0,,gbearwardek@jiathis.com,,
Main,1526.0,,cgalbreathel@goo.gl,,
Main,1527.0,,ntwigginsem@livejournal.com,,
Main,1528.0,,rheyfielden@bloglines.com,,
Main,1529.0,,bgippseo@creativecommons.org,,
Main,1530.0,,opaulouep@skype.com,,
Main,1531.0,,gfuttyeq@paginegialle.it,,
Main,1532.0,,rdavidovicser@house.gov,,
Main,1533.0,,pjeacopes@topsy.com,,
Main,1534.0,,oflucket@ibm.com,,
Main,1535.0,,fdarreeeu@illinois.edu,,
Main,1536.0,,btuneev@sakura.ne.jp,,
Main,1537.0,,ahovendenew@google.fr,,
Main,1538.0,,aviseex@unicef.org,,
Main,1539.0,,mhaughtoney@ebay.com,,
Main,1540.0,,nscotfurthez@typepad.com,,
Main,1541.0,,gfacchinif0@icio.us,,
Main,1542.0,,cgeardf1@ox.ac.uk,,
Main,1543.0,,hcorballyf2@mail.ru,,
Main,1544.0,,bespinelf3@china.com.cn,,
Main,1545.0,,fbluntf4@weibo.com,,
Main,1546.0,,levangelinosf5@webeden.co.uk,,
Main,1547.0,,ljiruchf6@alexa.com,,
Main,1548.0,,lcrumleyf7@blogtalkradio.com,,
Main,1549.0,,bellitf8@theguardian.com,,
Main,1550.0,,lgavaganf9@boston.com,,
Main,1551.0,,jsatfordfa@guardian.co.uk,,
Main,1552.0,,nkubachfb@netlog.com,,
Main,1553.0,,ewindrumfc@google.com.au,,
Main,1554.0,,jtrowlerfd@nps.gov,,
Main,1555.0,,kgarlantfe@wordpress.com,,
Main,1556.0,,cstammirsff@sohu.com,,
Main,1557.0,,pgallymorefg@va.gov,,
Main,1558.0,,ggilhooliefh@wix.com,,
Main,1559.0,,tbaccasfi@ebay.co.uk,,
Main,1560.0,,gmcgowanfj@army.mil,,
Main,1561.0,,ojiroutekfk@paginegialle.it,,
Main,1562.0,,bivefl@census.gov,,
Main,1563.0,,vdassindalefm@nasa.gov,,
Main,1564.0,,hgartrellfn@cbc.ca,,
Main,1565.0,,mdaddsfo@dedecms.com,,
Main,1566.0,,ebernardouxfp@fotki.com,,
Main,1567.0,,wheadfordfq@washingtonpost.com,,
Main,1568.0,,yrenihanfr@indiegogo.com,,
Main,1569.0,,kkerstingfs@cmu.edu,,
Main,1570.0,,gamberft@chron.com,,
Main,1571.0,,ssmallfu@booking.com,,
Main,1572.0,,tnelthorpfv@mayoclinic.com,,
Main,1573.0,,jesherwoodfw@earthlink.net,,
Main,1574.0,,jposseltfx@mail.ru,,
Main,1575.0,,mmacquakerfy@wikia.com,,
Main,1576.0,,mdatonfz@rambler.ru,,
Main,1577.0,,mbrandoneg0@mlb.com,,
Main,1578.0,,gbrogionig1@desdev.cn,,
Main,1579.0,,pdorringtong2@umich.edu,,
Main,1580.0,,kpitoneg3@homestead.com,,
Main,1581.0,,lkendrickg4@scribd.com,,
Main,1582.0,,egrayshong5@paypal.com,,
Main,1583.0,,cdickensong6@eventbrite.com,,
Main,1584.0,,cwellerg7@aboutads.info,,
Main,1585.0,,ckeppyg8@amazonaws.com,,
Main,1586.0,,lbarteng9@businessinsider.com,,
Main,1587.0,,jelmorega@phpbb.com,,
Main,1588.0,,kbenglegb@independent.co.uk,,
Main,1589.0,,cguidelligc@uiuc.edu,,
Main,1590.0,,dpaternostergd@gravatar.com,,
Main,1591.0,,eklewige@blinklist.com,,
Main,1592.0,,ebernatgf@pinterest.com,,
Main,1593.0,,jfleeminggg@bloglines.com,,
Main,1594.0,,pmckintoshgh@businesswire.com,,
Main,1595.0,,mstanneygi@cyberchimps.com,,
Main,1596.0,,dshadwickgj@columbia.edu,,
Main,1597.0,,arickeardgk@miibeian.gov.cn,,
Main,1598.0,,jainsworthgl@marketwatch.com,,
Main,1599.0,,ijohanchongm@macromedia.com,,
Main,1600.0,,ebutegn@friendfeed.com,,
Main,1601.0,,hpickavancego@cdbaby.com,,
Main,1602.0,,cminshawgp@bloglines.com,,
Main,1603.0,,kringgq@google.es,,
Main,1604.0,,vcathrallgr@yellowpages.com,,
Main,1605.0,,wbartolommeogs@booking.com,,
Main,1606.0,,lastridgegt@time.com,,
Main,1607.0,,dkinneallygu@cyberchimps.com,,
Main,1608.0,,apuddephattgv@github.io,,
Main,1609.0,,kocrottygw@chicagotribune.com,,
Main,1610.0,,dconnechygx@ibm.com,,
Main,1611.0,,rbatterbeegy@eventbrite.com,,
Main,1612.0,,pflieggz@elpais.com,,
Main,1613.0,,lwellingsh0@elpais.com,,
Main,1614.0,,hhillyatth1@reuters.com,,
Main,1615.0,,lmatysiakh2@nifty.com,,
Main,1616.0,,acussinsh3@ifeng.com,,
Main,1617.0,,ymeliorh4@infoseek.co.jp,,
Main,1618.0,,rhunnisetth5@about.com,,
Main,1619.0,,tmaccostoh6@jalbum.net,,
Main,1620.0,,mlucioh7@163.com,,
Main,1621.0,,gdaudh8@prweb.com,,
Main,1622.0,,kcoffeyh9@exblog.jp,,
Main,1623.0,,ddeniskevichha@scribd.com,,
Main,1624.0,,zcornelissenhb@cdc.gov,,
Main,1625.0,,bburnelhc@nationalgeographic.com,,
Main,1626.0,,cpouldenhd@wsj.com,,
Main,1627.0,,nvannhe@myspace.com,,
Main,1628.0,,uwalshhf@amazonaws.com,,
Main,1629.0,,hgoldinhg@plala.or.jp,,
Main,1630.0,,jsilvesterhh@yelp.com,,
Main,1631.0,,kkenvinhi@1688.com,,
Main,1632.0,,cdablinhj@topsy.com,,
Main,1633.0,,mpicketthk@marriott.com,,
Main,1634.0,,jrosenhaushl@edublogs.org,,
Main,1635.0,,rorvisshm@japanpost.jp,,
Main,1636.0,,apetronishn@biglobe.ne.jp,,
Main,1637.0,,nrheaumeho@imageshack.us,,
Main,1638.0,,rcarringtonhp@sphinn.com,,
Main,1639.0,,bcaterhq@blogger.com,,
Main,1640.0,,mmaccallumhr@bizjournals.com,,
Main,1641.0,,ipovlsenhs@wp.com,,
Main,1642.0,,kbengeht@friendfeed.com,,
Main,1643.0,,lpigdenhu@indiatimes.com,,
Main,1644.0,,afairhallhv@techcrunch.com,,
Main,1645.0,,gbarringerhw@opera.com,,
Main,1646.0,,wburgisshx@whitehouse.gov,,
Main,1647.0,,ngenthnerhy@businessweek.com,,
Main,1648.0,,dlermouthhz@livejournal.com,,
Main,1649.0,,amerieti0@hatena.ne.jp,,
Main,1650.0,,pselburni1@webnode.com,,
Main,1651.0,,jbanasiki2@youtu.be,,
Main,1652.0,,stanbyi3@salon.com,,
Main,1653.0,,cfigiovannii4@about.com,,
Main,1654.0,,ceskrietti5@artisteer.com,,
Main,1655.0,,mcleyburni6@cnet.com,,
Main,1656.0,,sthoresbyi7@scribd.com,,
Main,1657.0,,mbeeti8@marriott.com,,
Main,1658.0,,gbarteloti9@time.com,,
Main,1659.0,,rganfortheia@prweb.com,,
Main,1660.0,,sgoutib@oaic.gov.au,,
Main,1661.0,,ddargavelic@abc.net.au,,
Main,1662.0,,mnorthleighid@facebook.com,,
Main,1663.0,,kriddifordie@ibm.com,,
Main,1664.0,,ddantuoniif@t-online.de,,
Main,1665.0,,mdelaciig@prlog.org,,
Main,1666.0,,ebentonih@latimes.com,,
Main,1667.0,,gyurinovii@ucla.edu,,
Main,1668.0,,skleuerij@tripod.com,,
Main,1669.0,,phorsleyik@github.com,,
Main,1670.0,,nrandalsil@behance.net,,
Main,1671.0,,dstearnim@alexa.com,,
Main,1672.0,,tlowndsboroughin@woothemes.com,,
Main,1673.0,,cfranyio@unc.edu,,
Main,1674.0,,brockcliffip@arstechnica.com,,
Main,1675.0,,eroderigoiq@hugedomains.com,,
Main,1676.0,,mabramiir@drupal.org,,
Main,1677.0,,ibenfieldis@telegraph.co.uk,,
Main,1678.0,,anelthroppit@marriott.com,,
Main,1679.0,,larnowicziu@addthis.com,,
Main,1680.0,,fpoweleeiv@skyrock.com,,
Main,1681.0,,ibrezlawiw@pcworld.com,,
Main,1682.0,,jimlackeix@miibeian.gov.cn,,
Main,1683.0,,schritchlowiy@yahoo.com,,
Main,1684.0,,flydiateiz@paginegialle.it,,
Main,1685.0,,ehuckettj0@bizjournals.com,,
Main,1686.0,,ejaggsj1@kickstarter.com,,
Main,1687.0,,dhuorticj2@cpanel.net,,
Main,1688.0,,nduinbletonj3@cbsnews.com,,
Main,1689.0,,boriordanj4@statcounter.com,,
Main,1690.0,,lanfreyj5@nymag.com,,
Main,1691.0,,zkitchinj6@freewebs.com,,
Main,1692.0,,kattersollj7@clickbank.net,,
Main,1693.0,,mthrasherj8@google.com.au,,
Main,1694.0,,hbelhomej9@netvibes.com,,
Main,1695.0,,amacshirrieja@chicagotribune.com,,
Main,1696.0,,maringtonjb@howstuffworks.com,,
Main,1697.0,,kwoofendenjc@alexa.com,,
Main,1698.0,,mcindereyjd@google.cn,,
Main,1699.0,,jgringleyje@yelp.com,,
Main,1700.0,,mbellenyjf@goodreads.com,,
Main,1701.0,,hkiehnltjg@psu.edu,,
Main,1702.0,,lvasyutochkinjh@chron.com,,
Main,1703.0,,ppatenji@biblegateway.com,,
Main,1704.0,,gferrejj@technorati.com,,
Main,1705.0,,sgreevejk@prlog.org,,
Main,1706.0,,wchellenhamjl@amazon.de,,
Main,1707.0,,akoppejm@house.gov,,
Main,1708.0,,tfidoejn@nhs.uk,,
Main,1709.0,,sgivesjo@sun.com,,
Main,1710.0,,wraynhamjp@cargocollective.com,,
Main,1711.0,,castelljq@prlog.org,,
Main,1712.0,,mrunniclesjr@so-net.ne.jp,,
Main,1713.0,,hpaunsfordjs@newsvine.com,,
Main,1714.0,,pogriffinjt@scribd.com,,
Main,1715.0,,tlargentju@bbb.org,,
Main,1716.0,,mmarietonjv@nps.gov,,
Main,1717.0,,agrinyovjw@tiny.cc,,
Main,1718.0,,ctomblingsjx@cbc.ca,,
Main,1719.0,,dfalcusjy@drupal.org,,
Main,1720.0,,gbrabinjz@godaddy.com,,
Main,1721.0,,gfennerk0@disqus.com,,
Main,1722.0,,dwoolwayk1@noaa.gov,,
Main,1723.0,,gtrounsonk2@csmonitor.com,,
Main,1724.0,,jruslink3@sourceforge.net,,
Main,1725.0,,jchesonk4@de.vu,,
Main,1726.0,,wgiamuzzok5@washingtonpost.com,,
Main,1727.0,,sbeddinghamk6@cnn.com,,
Main,1728.0,,mbattsk7@geocities.jp,,
Main,1729.0,,smenaultk8@ibm.com,,
Main,1730.0,,tbootek9@topsy.com,,
Main,1731.0,,atrevettka@exblog.jp,,
Main,1732.0,,jlynamkb@example.com,,
Main,1733.0,,cgwytherkc@blog.com,,
Main,1734.0,,bfeehilykd@gizmodo.com,,
Main,1735.0,,fseadonke@linkedin.com,,
Main,1736.0,,gfossittkf@spotify.com,,
Main,1737.0,,myanyushkinkg@skype.com,,
Main,1738.0,,zattewellkh@sun.com,,
Main,1739.0,,nmadisonki@jalbum.net,,
Main,1740.0,,fmixonkj@bizjournals.com,,
Main,1741.0,,ebardsleykk@bigcartel.com,,
Main,1742.0,,gtrewinkl@dropbox.com,,
Main,1743.0,,mkobierskikm@cpanel.net,,
Main,1744.0,,qperrikn@usnews.com,,
Main,1745.0,,rcuffinko@msu.edu,,
Main,1746.0,,sgonzalokp@studiopress.com,,
Main,1747.0,,skidgellkq@nyu.edu,,
Main,1748.0,,srubinovitchkr@jimdo.com,,
Main,1749.0,,jhaylesks@histats.com,,
Main,1750.0,,mrandersonkt@geocities.com,,
Main,1751.0,,mglandku@sphinn.com,,
Main,1752.0,,mthoresbiekv@pagesperso-orange.fr,,
Main,1753.0,,dscotlandkw@hubpages.com,,
Main,1754.0,,lmcilwainkx@pbs.org,,
Main,1755.0,,erosencwaigky@princeton.edu,,
Main,1756.0,,tboydonkz@naver.com,,
Main,1757.0,,aomolanl0@bloomberg.com,,
Main,1758.0,,mpettiel1@posterous.com,,
Main,1759.0,,swestmerlandl2@github.io,,
Main,1760.0,,kfolleyl3@census.gov,,
Main,1761.0,,lbarnbrookl4@europa.eu,,
Main,1762.0,,mtruslerl5@xrea.com,,
Main,1763.0,,egadsdenl6@people.com.cn,,
Main,1764.0,,aodroughtl7@spiegel.de,,
Main,1765.0,,pwisdenl8@amazon.com,,
Main,1766.0,,fgittisl9@qq.com,,
Main,1767.0,,dpixtonla@cnbc.com,,
Main,1768.0,,lpettolb@answers.com,,
Main,1769.0,,roslarlc@whitehouse.gov,,
Main,1770.0,,bspehrld@reverbnation.com,,
Main,1771.0,,lthumannle@dot.gov,,
Main,1772.0,,ctripetlf@miibeian.gov.cn,,
Main,1773.0,,bstreetinglg@vistaprint.com,,
Main,1774.0,,rgaylerlh@elegantthemes.com,,
Main,1775.0,,lgriffithsli@prlog.org,,
Main,1776.0,,sramaslj@bbb.org,,
Main,1777.0,,kbreddylk@skyrock.com,,
Main,1778.0,,vleithll@miitbeian.gov.cn,,
Main,1779.0,,jwilsonlm@exblog.jp,,
Main,1780.0,,lcondliffeln@indiegogo.com,,
Main,1781.0,,dpavolillolo@wufoo.com,,
Main,1782.0,,mwillcocklp@last.fm,,
Main,1783.0,,dgundalq@cam.ac.uk,,
Main,1784.0,,sboiklr@ted.com,,
Main,1785.0,,theasemanls@youtube.com,,
Main,1786.0,,strebilcocklt@tinypic.com,,
Main,1787.0,,sbradmanlu@chicagotribune.com,,
Main,1788.0,,dhansmannlv@rambler.ru,,
Main,1789.0,,djaquemelw@stanford.edu,,
Main,1790.0,,vconstancelx@sourceforge.net,,
Main,1791.0,,bsargantly@canalblog.com,,
Main,1792.0,,aygoelz@a8.net,,
Main,1793.0,,bkabischm0@biblegateway.com,,
Main,1794.0,,ufairfullm1@dropbox.com,,
Main,1795.0,,fcrafterm2@wikipedia.org,,
Main,1796.0,,vswiffinm3@unc.edu,,
Main,1797.0,,ncafem4@opensource.org,,
Main,1798.0,,eluigim5@aol.com,,
Main,1799.0,,cchalcraftm6@indiatimes.com,,
Main,1800.0,,otartm7@msn.com,,
Main,1801.0,,rbarkworthm8@abc.net.au,,
Main,1802.0,,egoligherm9@miitbeian.gov.cn,,
Main,1803.0,,bdudekma@geocities.com,,
Main,1804.0,,dritmeiermb@moonfruit.com,,
Main,1805.0,,igribbellmc@cam.ac.uk,,
Main,1806.0,,lhobellmd@mtv.com,,
Main,1807.0,,kturbatme@hhs.gov,,
Main,1808.0,,nbohlingmf@msn.com,,
Main,1809.0,,bwerritmg@rambler.ru,,
Main,1810.0,,amallyamh@eepurl.com,,
Main,1811.0,,aferreymi@digg.com,,
Main,1812.0,,keyckelbeckmj@house.gov,,
Main,1813.0,,bdenkmk@google.de,,
Main,1814.0,,sveelersml@biglobe.ne.jp,,
Main,1815.0,,llanemm@stumbleupon.com,,
Main,1816.0,,gdeftiemn@prweb.com,,
Main,1817.0,,bingilsonmo@netscape.com,,
Main,1818.0,,hcasacciamp@ihg.com,,
Main,1819.0,,tnewportmq@php.net,,
Main,1820.0,,mkimbroughmr@zdnet.com,,
Main,1821.0,,cwilloughwayms@hubpages.com,,
Main,1822.0,,jweldrakemt@uiuc.edu,,
Main,1823.0,,hpetrelluzzimu@ucsd.edu,,
Main,1824.0,,ftynemv@prnewswire.com,,
Main,1825.0,,abridgmanmw@amazon.com,,
Main,1826.0,,bmanginmx@hatena.ne.jp,,
Main,1827.0,,darendsmy@accuweather.com,,
Main,1828.0,,sramsiermz@independent.co.uk,,
Main,1829.0,,craman0@t-online.de,,
Main,1830.0,,deslingern1@imdb.com,,
Main,1831.0,,cbartelotn2@tiny.cc,,
Main,1832.0,,rturbernn3@fda.gov,,
Main,1833.0,,bryamn4@cdc.gov,,
Main,1834.0,,jmackettn5@fotki.com,,
Main,1835.0,,ewhitesonn6@ebay.com,,
Main,1836.0,,gmullengern7@state.tx.us,,
Main,1837.0,,ldutchburnn8@bloglines.com,,
Main,1838.0,,jrentouln9@un.org,,
Main,1839.0,,ccoshna@amazon.com,,
Main,1840.0,,mambroisenb@google.cn,,
Main,1841.0,,lspohrnc@yahoo.co.jp,,
Main,1842.0,,opittwaynd@hc360.com,,
Main,1843.0,,opopplestonene@elegantthemes.com,,
Main,1844.0,,rblacktinnf@wikispaces.com,,
Main,1845.0,,tcupperng@t-online.de,,
Main,1846.0,,jkayenh@foxnews.com,,
Main,1847.0,,snutbeamni@sitemeter.com,,
Main,1848.0,,shealeynj@huffingtonpost.com,,
Main,1849.0,,asallnk@sphinn.com,,
Main,1850.0,,aelcombenl@mozilla.org,,
Main,1851.0,,fyedallnm@disqus.com,,
Main,1852.0,,jpellamonutennn@oakley.com,,
Main,1853.0,,lledamunno@zimbio.com,,
Main,1854.0,,ceronienp@elegantthemes.com,,
Main,1855.0,,kferneleynq@blinklist.com,,
Main,1856.0,,tbadhamnr@meetup.com,,
Main,1857.0,,jremerns@miibeian.gov.cn,,
Main,1858.0,,cgravynt@blogger.com,,
Main,1859.0,,ssudellnu@hao123.com,,
Main,1860.0,,lpatenv@list-manage.com,,
Main,1861.0,,tmcclymontnw@imdb.com,,
Main,1862.0,,jattoenx@loc.gov,,
Main,1863.0,,svirgoeny@state.tx.us,,
Main,1864.0,,tduckworthnz@archive.org,,
Main,1865.0,,cikino0@patch.com,,
Main,1866.0,,rdawso1@yandex.ru,,
Main,1867.0,,sschuleo2@telegraph.co.uk,,
Main,1868.0,,eantoniako3@irs.gov,,
Main,1869.0,,zpiepero4@hubpages.com,,
Main,1870.0,,acroxono5@chron.com,,
Main,1871.0,,ttheodoreo6@nature.com,,
Main,1872.0,,bskillanderso7@pagesperso-orange.fr,,
Main,1873.0,,asawardo8@microsoft.com,,
Main,1874.0,,ksouthardo9@home.pl,,
Main,1875.0,,ofoneoa@goo.gl,,
Main,1876.0,,nminichiob@oaic.gov.au,,
Main,1877.0,,bsegooc@plala.or.jp,,
Main,1878.0,,mdaintryod@gov.uk,,
Main,1879.0,,ujoslandoe@tinyurl.com,,
Main,1880.0,,bguardof@uiuc.edu,,
Main,1881.0,,skrzysztofiakog@clickbank.net,,
Main,1882.0,,dmellodyoh@gov.uk,,
Main,1883.0,,pweineroi@github.io,,
Main,1884.0,,hfahrenbacheroj@shop-pro.jp,,
Main,1885.0,,fbowtonok@google.com,,
Main,1886.0,,lroddenol@smh.com.au,,
Main,1887.0,,agauchom@google.com.br,,
Main,1888.0,,holeshuninon@wired.com,,
Main,1889.0,,hwootonoo@sciencedirect.com,,
Main,1890.0,,cplailop@seattletimes.com,,
Main,1891.0,,cjordanoq@princeton.edu,,
Main,1892.0,,lmacascaidhor@histats.com,,
Main,1893.0,,nbrunskillos@nbcnews.com,,
Main,1894.0,,mstieblerot@yahoo.com,,
Main,1895.0,,dzealeyou@java.com,,
Main,1896.0,,mstanlakeov@icio.us,,
Main,1897.0,,revesow@latimes.com,,
Main,1898.0,,lparkinsonox@dedecms.com,,
Main,1899.0,,ctinwelloy@buzzfeed.com,,
Main,1900.0,,ofinlryoz@dropbox.com,,
Main,1901.0,,mdreip0@mapquest.com,,
Main,1902.0,,cgribbellp1@behance.net,,
Main,1903.0,,akinastanp2@bloglines.com,,
Main,1904.0,,dmcgraithp3@census.gov,,
Secondary,420.0,,tdagostinoqq@google.co.uk,,
Secondary,865.0,,dbindonqr@virginia.edu,,
Secondary,692.0,,ntidboldqs@youtu.be,,
Secondary,158.0,,tgummeqt@weebly.com,,
Secondary,1445.0,,abeanyqu@icq.com,,
Secondary,230.0,,smerrellqv@facebook.com,,
Secondary,903.0,,kchyuertonqw@digg.com,,
Secondary,1065.0,,mmosdallqx@ocn.ne.jp,,
Secondary,1226.0,,rmolnarqy@dyndns.org,,
Secondary,447.0,,ssouthersqz@gmpg.org,,
Secondary,1205.0,,vdombrellr0@prlog.org,,
Secondary,1090.0,,jmatijasevicr1@etsy.com,,
Secondary,687.0,,mvandecappeller2@unc.edu,,
Secondary,556.0,,rdeveraler3@ft.com,,
Secondary,688.0,,bfishwickr4@people.com.cn,,
Secondary,1231.0,,pilbertr5@prlog.org,,
Secondary,447.0,,ewaleworkr6@360.cn,,
Secondary,722.0,,tdomeganr7@cornell.edu,,
Secondary,396.0,,mhambeltonr8@miitbeian.gov.cn,,
Secondary,1774.0,,jbreedr9@sciencedaily.com,,
Secondary,1383.0,,mmeffanra@gov.uk,,
Secondary,1868.0,,ebroomrb@addtoany.com,,
Secondary,1545.0,,pgolsworthyrc@elegantthemes.com,,
Secondary,78.0,,eghostrd@google.cn,,
Secondary,1497.0,,mglasheenre@nyu.edu,,
Secondary,886.0,,mbackerf@tiny.cc,,
Secondary,1498.0,,bfritzerrg@desdev.cn,,
Secondary,858.0,,ccoatsworthrh@nytimes.com,,
Secondary,185.0,,gcaulketri@disqus.com,,
Secondary,1033.0,,fmynottrj@oaic.gov.au,,
Secondary,905.0,,kohartnedyrk@yahoo.com,,
Secondary,415.0,,lrivilisrl@unesco.org,,
Secondary,862.0,,vstradlingrm@mapquest.com,,
Secondary,1529.0,,dmarlorrn@soup.io,,
Secondary,963.0,,lcamelro@usda.gov,,
Secondary,1482.0,,fbrannirp@indiegogo.com,,
Secondary,146.0,,igoolyrq@last.fm,,
,,,chemberyrr@slideshare.net,,
